[
 {
  "sid":"FC_Aircraft_architecture:3401#in:1",
  "inspector":{
   "params":[
    "Name",
    "Name",
    "Action"
   ],
   "values":[
    "Kühlluft Batterie",
    "<inherit>",
    "Input"
   ],
   "tabs":[
    "Main",
    "Interface"
   ],
   "tabs_idx":[
    0,
    1
   ]
  },
  "viewer":{
   "jshandler":"webview/handlers/ElementHandler"
  },
  "obj_viewer":[
  ],
  "finder":[
  ]
 },
 {
  "sid":"FC_Aircraft_architecture:3401#out:1",
  "inspector":{
   "params":[
    "Name",
    "Name",
    "Action"
   ],
   "values":[
    "Gleichspannung",
    "<inherit>",
    "Output"
   ],
   "tabs":[
    "Main",
    "Interface"
   ],
   "tabs_idx":[
    0,
    1
   ]
  },
  "viewer":{
   "jshandler":"webview/handlers/ElementHandler"
  },
  "obj_viewer":[
  ],
  "finder":[
  ]
 },
 {
  "sid":"FC_Aircraft_architecture:3401#out:2",
  "inspector":{
   "params":[
    "Name",
    "Name",
    "Action"
   ],
   "values":[
    "Gleichstrom",
    "<inherit>",
    "Output"
   ],
   "tabs":[
    "Main",
    "Interface"
   ],
   "tabs_idx":[
    0,
    1
   ]
  },
  "viewer":{
   "jshandler":"webview/handlers/ElementHandler"
  },
  "obj_viewer":[
  ],
  "finder":[
  ]
 },
 {
  "sid":"FC_Aircraft_architecture:3405",
  "inspector":[
  ],
  "viewer":{
   "jshandler":"webview/handlers/ElementHandler"
  },
  "obj_viewer":[
  ],
  "finder":{
   "blocktype":"Inport",
   "masktype":""
  }
 },
 {
  "sid":"FC_Aircraft_architecture:3405#out:1",
  "inspector":{
   "params":[
    "Name",
    "Name",
    "Action"
   ],
   "values":[
    "Kühlluft Batterie",
    "<inherit>",
    "Input"
   ],
   "tabs":[
    "Main",
    "Interface"
   ],
   "tabs_idx":[
    0,
    1
   ]
  },
  "viewer":{
   "jshandler":"webview/handlers/ElementHandler"
  },
  "obj_viewer":[
  ],
  "finder":[
  ]
 },
 {
  "sid":"FC_Aircraft_architecture:3406",
  "inspector":[
  ],
  "viewer":{
   "jshandler":"webview/handlers/ElementHandler"
  },
  "obj_viewer":[
  ],
  "finder":{
   "blocktype":"Outport",
   "masktype":""
  }
 },
 {
  "sid":"FC_Aircraft_architecture:3406#in:1",
  "inspector":{
   "params":[
    "Name",
    "Name",
    "Action"
   ],
   "values":[
    "Gleichspannung",
    "<inherit>",
    "Output"
   ],
   "tabs":[
    "Main",
    "Interface"
   ],
   "tabs_idx":[
    0,
    1
   ]
  },
  "viewer":{
   "jshandler":"webview/handlers/ElementHandler"
  },
  "obj_viewer":[
  ],
  "finder":[
  ]
 },
 {
  "sid":"FC_Aircraft_architecture:3408",
  "inspector":[
  ],
  "viewer":{
   "jshandler":"webview/handlers/ElementHandler"
  },
  "obj_viewer":[
  ],
  "finder":{
   "blocktype":"Outport",
   "masktype":""
  }
 },
 {
  "sid":"FC_Aircraft_architecture:3408#in:1",
  "inspector":{
   "params":[
    "Name",
    "Name",
    "Action"
   ],
   "values":[
    "Gleichstrom",
    "<inherit>",
    "Output"
   ],
   "tabs":[
    "Main",
    "Interface"
   ],
   "tabs_idx":[
    0,
    1
   ]
  },
  "viewer":{
   "jshandler":"webview/handlers/ElementHandler"
  },
  "obj_viewer":[
  ],
  "finder":[
  ]
 }
]