[
 {
  "sid":"FC_Aircraft_architecture:3387#in:1",
  "inspector":{
   "params":[
    "Name",
    "Name",
    "Action"
   ],
   "values":[
    "Massenstrom H2 Speicher Waste",
    "<inherit>",
    "Input"
   ],
   "tabs":[
    "Main",
    "Interface"
   ],
   "tabs_idx":[
    0,
    1
   ]
  },
  "viewer":{
   "jshandler":"webview/handlers/ElementHandler"
  },
  "obj_viewer":[
  ],
  "finder":[
  ]
 },
 {
  "sid":"FC_Aircraft_architecture:3387#in:2",
  "inspector":{
   "params":[
    "Name",
    "Name",
    "Action"
   ],
   "values":[
    "Massenstrom BZ Stapel Waste",
    "<inherit>",
    "Input"
   ],
   "tabs":[
    "Main",
    "Interface"
   ],
   "tabs_idx":[
    0,
    1
   ]
  },
  "viewer":{
   "jshandler":"webview/handlers/ElementHandler"
  },
  "obj_viewer":[
  ],
  "finder":[
  ]
 },
 {
  "sid":"FC_Aircraft_architecture:3465",
  "inspector":[
  ],
  "viewer":{
   "jshandler":"webview/handlers/ElementHandler"
  },
  "obj_viewer":[
  ],
  "finder":{
   "blocktype":"Inport",
   "masktype":""
  }
 },
 {
  "sid":"FC_Aircraft_architecture:3465#out:1",
  "inspector":{
   "params":[
    "Name",
    "Name",
    "Action"
   ],
   "values":[
    "Massenstrom H2 Speicher Waste",
    "<inherit>",
    "Input"
   ],
   "tabs":[
    "Main",
    "Interface"
   ],
   "tabs_idx":[
    0,
    1
   ]
  },
  "viewer":{
   "jshandler":"webview/handlers/ElementHandler"
  },
  "obj_viewer":[
  ],
  "finder":[
  ]
 },
 {
  "sid":"FC_Aircraft_architecture:3464",
  "inspector":[
  ],
  "viewer":{
   "jshandler":"webview/handlers/ElementHandler"
  },
  "obj_viewer":[
  ],
  "finder":{
   "blocktype":"Inport",
   "masktype":""
  }
 },
 {
  "sid":"FC_Aircraft_architecture:3464#out:1",
  "inspector":{
   "params":[
    "Name",
    "Name",
    "Action"
   ],
   "values":[
    "Massenstrom BZ Stapel Waste",
    "<inherit>",
    "Input"
   ],
   "tabs":[
    "Main",
    "Interface"
   ],
   "tabs_idx":[
    0,
    1
   ]
  },
  "viewer":{
   "jshandler":"webview/handlers/ElementHandler"
  },
  "obj_viewer":[
  ],
  "finder":[
  ]
 }
]