[
 {
  "sid":"FC_Aircraft_architecture:3487",
  "inspector":[
  ],
  "viewer":{
   "jshandler":"webview/handlers/ElementHandler"
  },
  "obj_viewer":[
  ],
  "finder":{
   "blocktype":"Inport",
   "masktype":""
  }
 },
 {
  "sid":"FC_Aircraft_architecture:3487#out:1",
  "inspector":{
   "params":[
    "Name",
    "Name",
    "Action"
   ],
   "values":[
    "Kühlluft In",
    "<inherit>",
    "Input"
   ],
   "tabs":[
    "Main",
    "Interface"
   ],
   "tabs_idx":[
    0,
    1
   ]
  },
  "viewer":{
   "jshandler":"webview/handlers/ElementHandler"
  },
  "obj_viewer":[
  ],
  "finder":[
  ]
 },
 {
  "sid":"FC_Aircraft_architecture:3481",
  "inspector":[
  ],
  "viewer":{
   "jshandler":"webview/handlers/ElementHandler"
  },
  "obj_viewer":[
  ],
  "finder":{
   "blocktype":"Inport",
   "masktype":""
  }
 },
 {
  "sid":"FC_Aircraft_architecture:3481#out:1",
  "inspector":{
   "params":[
    "Name",
    "Name",
    "Action"
   ],
   "values":[
    "Schub",
    "<inherit>",
    "Input"
   ],
   "tabs":[
    "Main",
    "Interface"
   ],
   "tabs_idx":[
    0,
    1
   ]
  },
  "viewer":{
   "jshandler":"webview/handlers/ElementHandler"
  },
  "obj_viewer":[
  ],
  "finder":[
  ]
 },
 {
  "sid":"FC_Aircraft_architecture:3490",
  "inspector":[
  ],
  "viewer":{
   "jshandler":"webview/handlers/ElementHandler"
  },
  "obj_viewer":[
  ],
  "finder":{
   "blocktype":"Inport",
   "masktype":""
  }
 },
 {
  "sid":"FC_Aircraft_architecture:3490#out:1",
  "inspector":{
   "params":[
    "Name",
    "Name",
    "Action"
   ],
   "values":[
    "Flughöhe",
    "<inherit>",
    "Input"
   ],
   "tabs":[
    "Main",
    "Interface"
   ],
   "tabs_idx":[
    0,
    1
   ]
  },
  "viewer":{
   "jshandler":"webview/handlers/ElementHandler"
  },
  "obj_viewer":[
  ],
  "finder":[
  ]
 },
 {
  "sid":"FC_Aircraft_architecture:3483",
  "inspector":[
  ],
  "viewer":{
   "jshandler":"webview/handlers/ElementHandler"
  },
  "obj_viewer":[
  ],
  "finder":{
   "blocktype":"Inport",
   "masktype":""
  }
 },
 {
  "sid":"FC_Aircraft_architecture:3483#out:1",
  "inspector":{
   "params":[
    "Name",
    "Name",
    "Action"
   ],
   "values":[
    "Geschwindigkeit",
    "<inherit>",
    "Input"
   ],
   "tabs":[
    "Main",
    "Interface"
   ],
   "tabs_idx":[
    0,
    1
   ]
  },
  "viewer":{
   "jshandler":"webview/handlers/ElementHandler"
  },
  "obj_viewer":[
  ],
  "finder":[
  ]
 },
 {
  "sid":"FC_Aircraft_architecture:3393",
  "inspector":{
   "params":[
    "Name",
    "<No properties defined in stereotype>",
    "cost",
    "constructionSpace",
    "weight",
    "power",
    "voltage",
    "current",
    "costFactor",
    "ATA_Chapter",
    "Owner",
    "No parameters defined"
   ],
   "values":[
    "Anzeige-/Aufzeichnungssysteme",
    "",
    "0 €",
    "0 m^3",
    "0 kg",
    "0 W",
    "0 V",
    "0 A",
    "1 ",
    "'031 Anzeige-/Aufzeichnungssysteme'",
    "'Breezer'",
    ""
   ],
   "tabs":[
    "Main",
    "Stereotype : Breezer",
    "Stereotype : System",
    "Stereotype : Metadaten",
    "Parameters"
   ],
   "tabs_idx":[
    0,
    1,
    2,
    9,
    11
   ]
  },
  "viewer":{
   "jshandler":"webview/handlers/ElementHandler"
  },
  "obj_viewer":[
  ],
  "finder":{
   "blocktype":"SubSystem",
   "masktype":""
  }
 },
 {
  "sid":"FC_Aircraft_architecture:3393#in:1",
  "inspector":{
   "params":[
    "Name",
    "Name",
    "Action"
   ],
   "values":[
    "Zustand BZ Stapel",
    "<inherit>",
    "Input"
   ],
   "tabs":[
    "Main",
    "Interface"
   ],
   "tabs_idx":[
    0,
    1
   ]
  },
  "viewer":{
   "jshandler":"webview/handlers/ElementHandler"
  },
  "obj_viewer":[
  ],
  "finder":[
  ]
 },
 {
  "sid":"FC_Aircraft_architecture:3393#in:2",
  "inspector":{
   "params":[
    "Name",
    "Name",
    "Action"
   ],
   "values":[
    "Zustand MSPC",
    "<inherit>",
    "Input"
   ],
   "tabs":[
    "Main",
    "Interface"
   ],
   "tabs_idx":[
    0,
    1
   ]
  },
  "viewer":{
   "jshandler":"webview/handlers/ElementHandler"
  },
  "obj_viewer":[
  ],
  "finder":[
  ]
 },
 {
  "sid":"FC_Aircraft_architecture:3393#in:3",
  "inspector":{
   "params":[
    "Name",
    "Name",
    "Action"
   ],
   "values":[
    "Zustand MCU",
    "<inherit>",
    "Input"
   ],
   "tabs":[
    "Main",
    "Interface"
   ],
   "tabs_idx":[
    0,
    1
   ]
  },
  "viewer":{
   "jshandler":"webview/handlers/ElementHandler"
  },
  "obj_viewer":[
  ],
  "finder":[
  ]
 },
 {
  "sid":"FC_Aircraft_architecture:3393#in:4",
  "inspector":{
   "params":[
    "Name",
    "Name",
    "Action"
   ],
   "values":[
    "Zustand H2 Speicher",
    "<inherit>",
    "Input"
   ],
   "tabs":[
    "Main",
    "Interface"
   ],
   "tabs_idx":[
    0,
    1
   ]
  },
  "viewer":{
   "jshandler":"webview/handlers/ElementHandler"
  },
  "obj_viewer":[
  ],
  "finder":[
  ]
 },
 {
  "sid":"FC_Aircraft_architecture:3393#out:1",
  "inspector":{
   "params":[
    "Name",
    "Name",
    "Action"
   ],
   "values":[
    "Drehmomentanforderung",
    "<inherit>",
    "Output"
   ],
   "tabs":[
    "Main",
    "Interface"
   ],
   "tabs_idx":[
    0,
    1
   ]
  },
  "viewer":{
   "jshandler":"webview/handlers/ElementHandler"
  },
  "obj_viewer":[
  ],
  "finder":[
  ]
 },
 {
  "sid":"FC_Aircraft_architecture:3388",
  "inspector":{
   "params":[
    "Name",
    "cost",
    "constructionSpace",
    "weight",
    "power",
    "voltage",
    "current",
    "costFactor",
    "ATA_Chapter",
    "Owner",
    "No parameters defined"
   ],
   "values":[
    "Brennstoffzelle",
    "0 €",
    "0 m^3",
    "0 kg",
    "0 W",
    "0 V",
    "0 A",
    "1 ",
    "'085 Brennstoffzelle'",
    "'tbd'",
    ""
   ],
   "tabs":[
    "Main",
    "Stereotype : System",
    "Stereotype : Metadaten",
    "Parameters"
   ],
   "tabs_idx":[
    0,
    1,
    8,
    10
   ]
  },
  "viewer":{
   "jshandler":"webview/handlers/ElementHandler"
  },
  "obj_viewer":[
  ],
  "finder":{
   "blocktype":"SubSystem",
   "masktype":""
  }
 },
 {
  "sid":"FC_Aircraft_architecture:3388#in:1",
  "inspector":{
   "params":[
    "Name",
    "Name",
    "Action"
   ],
   "values":[
    "Kühl- Reaktionsluft BZ",
    "<inherit>",
    "Input"
   ],
   "tabs":[
    "Main",
    "Interface"
   ],
   "tabs_idx":[
    0,
    1
   ]
  },
  "viewer":{
   "jshandler":"webview/handlers/ElementHandler"
  },
  "obj_viewer":[
  ],
  "finder":[
  ]
 },
 {
  "sid":"FC_Aircraft_architecture:3388#out:1",
  "inspector":{
   "params":[
    "Name",
    "Name",
    "Action"
   ],
   "values":[
    "Gleichspannung  ",
    "<inherit>",
    "Output"
   ],
   "tabs":[
    "Main",
    "Interface"
   ],
   "tabs_idx":[
    0,
    1
   ]
  },
  "viewer":{
   "jshandler":"webview/handlers/ElementHandler"
  },
  "obj_viewer":[
  ],
  "finder":[
  ]
 },
 {
  "sid":"FC_Aircraft_architecture:3388#out:2",
  "inspector":{
   "params":[
    "Name",
    "Name",
    "Action"
   ],
   "values":[
    "Gleichstrom  ",
    "<inherit>",
    "Output"
   ],
   "tabs":[
    "Main",
    "Interface"
   ],
   "tabs_idx":[
    0,
    1
   ]
  },
  "viewer":{
   "jshandler":"webview/handlers/ElementHandler"
  },
  "obj_viewer":[
  ],
  "finder":[
  ]
 },
 {
  "sid":"FC_Aircraft_architecture:3388#out:3",
  "inspector":{
   "params":[
    "Name",
    "Name",
    "Action"
   ],
   "values":[
    "Zustand H2 Speicher",
    "<inherit>",
    "Output"
   ],
   "tabs":[
    "Main",
    "Interface"
   ],
   "tabs_idx":[
    0,
    1
   ]
  },
  "viewer":{
   "jshandler":"webview/handlers/ElementHandler"
  },
  "obj_viewer":[
  ],
  "finder":[
  ]
 },
 {
  "sid":"FC_Aircraft_architecture:3388#out:4",
  "inspector":{
   "params":[
    "Name",
    "Name",
    "Action"
   ],
   "values":[
    "Zustand BZ Stapel",
    "<inherit>",
    "Output"
   ],
   "tabs":[
    "Main",
    "Interface"
   ],
   "tabs_idx":[
    0,
    1
   ]
  },
  "viewer":{
   "jshandler":"webview/handlers/ElementHandler"
  },
  "obj_viewer":[
  ],
  "finder":[
  ]
 },
 {
  "sid":"FC_Aircraft_architecture:3494",
  "inspector":{
   "params":[
    "Name",
    "<No properties defined in stereotype>",
    "cost",
    "constructionSpace",
    "weight",
    "power",
    "voltage",
    "current",
    "costFactor",
    "ATA_Chapter",
    "Owner",
    "No parameters defined"
   ],
   "values":[
    "Flugzeugzelle",
    "",
    "0 €",
    "0 m^3",
    "0 kg",
    "0 W",
    "0 V",
    "0 A",
    "1 ",
    "",
    "",
    ""
   ],
   "tabs":[
    "Main",
    "Stereotype : Breezer",
    "Stereotype : System",
    "Stereotype : Metadaten",
    "Parameters"
   ],
   "tabs_idx":[
    0,
    1,
    2,
    9,
    11
   ]
  },
  "viewer":{
   "jshandler":"webview/handlers/ElementHandler"
  },
  "obj_viewer":[
  ],
  "finder":{
   "blocktype":"SubSystem",
   "masktype":""
  }
 },
 {
  "sid":"FC_Aircraft_architecture:3494#lconn:1",
  "inspector":{
   "params":[
    "Name",
    "Name",
    "Action"
   ],
   "values":[
    "Drehmomentabstützung",
    "<inherit>",
    "Physical"
   ],
   "tabs":[
    "Main",
    "Interface"
   ],
   "tabs_idx":[
    0,
    1
   ]
  },
  "viewer":{
   "jshandler":"webview/handlers/ElementHandler"
  },
  "obj_viewer":[
  ],
  "finder":[
  ]
 },
 {
  "sid":"FC_Aircraft_architecture:3386",
  "inspector":{
   "params":[
    "Name",
    "<No properties defined in stereotype>",
    "cost",
    "constructionSpace",
    "weight",
    "power",
    "voltage",
    "current",
    "costFactor",
    "ATA_Chapter",
    "Owner",
    "No parameters defined"
   ],
   "values":[
    "Luftmanagement",
    "",
    "0 €",
    "0 m^3",
    "0 kg",
    "0 W",
    "0 V",
    "0 A",
    "1 ",
    "'075 Luft'",
    "'RST'",
    ""
   ],
   "tabs":[
    "Main",
    "Stereotype : RST",
    "Stereotype : System",
    "Stereotype : Metadaten",
    "Parameters"
   ],
   "tabs_idx":[
    0,
    1,
    2,
    9,
    11
   ]
  },
  "viewer":{
   "jshandler":"webview/handlers/ElementHandler"
  },
  "obj_viewer":[
  ],
  "finder":{
   "blocktype":"SubSystem",
   "masktype":""
  }
 },
 {
  "sid":"FC_Aircraft_architecture:3386#in:1",
  "inspector":{
   "params":[
    "Name",
    "Name",
    "Action"
   ],
   "values":[
    "Kühlluft In",
    "<inherit>",
    "Input"
   ],
   "tabs":[
    "Main",
    "Interface"
   ],
   "tabs_idx":[
    0,
    1
   ]
  },
  "viewer":{
   "jshandler":"webview/handlers/ElementHandler"
  },
  "obj_viewer":[
  ],
  "finder":[
  ]
 },
 {
  "sid":"FC_Aircraft_architecture:3386#in:2",
  "inspector":{
   "params":[
    "Name",
    "Name",
    "Action"
   ],
   "values":[
    "Kühlluft Propeller",
    "<inherit>",
    "Input"
   ],
   "tabs":[
    "Main",
    "Interface"
   ],
   "tabs_idx":[
    0,
    1
   ]
  },
  "viewer":{
   "jshandler":"webview/handlers/ElementHandler"
  },
  "obj_viewer":[
  ],
  "finder":[
  ]
 },
 {
  "sid":"FC_Aircraft_architecture:3386#out:1",
  "inspector":{
   "params":[
    "Name",
    "Name",
    "Action"
   ],
   "values":[
    "Kühl- Reaktionsluft BZ",
    "<inherit>",
    "Output"
   ],
   "tabs":[
    "Main",
    "Interface"
   ],
   "tabs_idx":[
    0,
    1
   ]
  },
  "viewer":{
   "jshandler":"webview/handlers/ElementHandler"
  },
  "obj_viewer":[
  ],
  "finder":[
  ]
 },
 {
  "sid":"FC_Aircraft_architecture:3386#out:2",
  "inspector":{
   "params":[
    "Name",
    "Name",
    "Action"
   ],
   "values":[
    "Kühlluft Batterie",
    "<inherit>",
    "Output"
   ],
   "tabs":[
    "Main",
    "Interface"
   ],
   "tabs_idx":[
    0,
    1
   ]
  },
  "viewer":{
   "jshandler":"webview/handlers/ElementHandler"
  },
  "obj_viewer":[
  ],
  "finder":[
  ]
 },
 {
  "sid":"FC_Aircraft_architecture:3386#out:3",
  "inspector":{
   "params":[
    "Name",
    "Name",
    "Action"
   ],
   "values":[
    "Kühlluft MSPC",
    "<inherit>",
    "Output"
   ],
   "tabs":[
    "Main",
    "Interface"
   ],
   "tabs_idx":[
    0,
    1
   ]
  },
  "viewer":{
   "jshandler":"webview/handlers/ElementHandler"
  },
  "obj_viewer":[
  ],
  "finder":[
  ]
 },
 {
  "sid":"FC_Aircraft_architecture:3386#out:4",
  "inspector":{
   "params":[
    "Name",
    "Name",
    "Action"
   ],
   "values":[
    "Kühlluft MCU",
    "<inherit>",
    "Output"
   ],
   "tabs":[
    "Main",
    "Interface"
   ],
   "tabs_idx":[
    0,
    1
   ]
  },
  "viewer":{
   "jshandler":"webview/handlers/ElementHandler"
  },
  "obj_viewer":[
  ],
  "finder":[
  ]
 },
 {
  "sid":"FC_Aircraft_architecture:3386#out:5",
  "inspector":{
   "params":[
    "Name",
    "Name",
    "Action"
   ],
   "values":[
    "Kühlluft Motor ",
    "<inherit>",
    "Output"
   ],
   "tabs":[
    "Main",
    "Interface"
   ],
   "tabs_idx":[
    0,
    1
   ]
  },
  "viewer":{
   "jshandler":"webview/handlers/ElementHandler"
  },
  "obj_viewer":[
  ],
  "finder":[
  ]
 },
 {
  "sid":"FC_Aircraft_architecture:3392",
  "inspector":{
   "params":[
    "Name",
    "<No properties defined in stereotype>",
    "cost",
    "constructionSpace",
    "weight",
    "power",
    "voltage",
    "current",
    "costFactor",
    "ATA_Chapter",
    "Owner",
    "No parameters defined"
   ],
   "values":[
    "Propeller",
    "",
    "0 €",
    "0 m^3",
    "0 kg",
    "0 W",
    "0 V",
    "0 A",
    "1 ",
    "'061 Propeller'",
    "'Breezer'",
    ""
   ],
   "tabs":[
    "Main",
    "Stereotype : Breezer",
    "Stereotype : System",
    "Stereotype : Metadaten",
    "Parameters"
   ],
   "tabs_idx":[
    0,
    1,
    2,
    9,
    11
   ]
  },
  "viewer":{
   "jshandler":"webview/handlers/ElementHandler"
  },
  "obj_viewer":[
  ],
  "finder":{
   "blocktype":"SubSystem",
   "masktype":""
  }
 },
 {
  "sid":"FC_Aircraft_architecture:3392#in:1",
  "inspector":{
   "params":[
    "Name",
    "Name",
    "Action"
   ],
   "values":[
    "Schub",
    "<inherit>",
    "Input"
   ],
   "tabs":[
    "Main",
    "Interface"
   ],
   "tabs_idx":[
    0,
    1
   ]
  },
  "viewer":{
   "jshandler":"webview/handlers/ElementHandler"
  },
  "obj_viewer":[
  ],
  "finder":[
  ]
 },
 {
  "sid":"FC_Aircraft_architecture:3392#in:2",
  "inspector":{
   "params":[
    "Name",
    "Name",
    "Action"
   ],
   "values":[
    "Geschwindigkeit",
    "<inherit>",
    "Input"
   ],
   "tabs":[
    "Main",
    "Interface"
   ],
   "tabs_idx":[
    0,
    1
   ]
  },
  "viewer":{
   "jshandler":"webview/handlers/ElementHandler"
  },
  "obj_viewer":[
  ],
  "finder":[
  ]
 },
 {
  "sid":"FC_Aircraft_architecture:3392#in:3",
  "inspector":{
   "params":[
    "Name",
    "Name",
    "Action"
   ],
   "values":[
    "Drehmoment",
    "<inherit>",
    "Input"
   ],
   "tabs":[
    "Main",
    "Interface"
   ],
   "tabs_idx":[
    0,
    1
   ]
  },
  "viewer":{
   "jshandler":"webview/handlers/ElementHandler"
  },
  "obj_viewer":[
  ],
  "finder":[
  ]
 },
 {
  "sid":"FC_Aircraft_architecture:3392#in:4",
  "inspector":{
   "params":[
    "Name",
    "Name",
    "Action"
   ],
   "values":[
    "Drehzahl",
    "<inherit>",
    "Input"
   ],
   "tabs":[
    "Main",
    "Interface"
   ],
   "tabs_idx":[
    0,
    1
   ]
  },
  "viewer":{
   "jshandler":"webview/handlers/ElementHandler"
  },
  "obj_viewer":[
  ],
  "finder":[
  ]
 },
 {
  "sid":"FC_Aircraft_architecture:3392#in:5",
  "inspector":{
   "params":[
    "Name",
    "Name",
    "Action"
   ],
   "values":[
    "Flughöhe",
    "<inherit>",
    "Input"
   ],
   "tabs":[
    "Main",
    "Interface"
   ],
   "tabs_idx":[
    0,
    1
   ]
  },
  "viewer":{
   "jshandler":"webview/handlers/ElementHandler"
  },
  "obj_viewer":[
  ],
  "finder":[
  ]
 },
 {
  "sid":"FC_Aircraft_architecture:3392#out:1",
  "inspector":{
   "params":[
    "Name",
    "Name",
    "Action"
   ],
   "values":[
    "Kühlluft Propeller",
    "<inherit>",
    "Output"
   ],
   "tabs":[
    "Main",
    "Interface"
   ],
   "tabs_idx":[
    0,
    1
   ]
  },
  "viewer":{
   "jshandler":"webview/handlers/ElementHandler"
  },
  "obj_viewer":[
  ],
  "finder":[
  ]
 },
 {
  "sid":"FC_Aircraft_architecture:3391",
  "inspector":{
   "params":[
    "Name",
    "cost",
    "constructionSpace",
    "weight",
    "power",
    "voltage",
    "current",
    "costFactor",
    "ATA_Chapter",
    "Owner",
    "No parameters defined"
   ],
   "values":[
    "Triebwerksanlage",
    "0 €",
    "0 m^3",
    "0 kg",
    "0 W",
    "0 V",
    "0 A",
    "1 ",
    "'071 Triebwerksanlage '",
    "'tbd'",
    ""
   ],
   "tabs":[
    "Main",
    "Stereotype : System",
    "Stereotype : Metadaten",
    "Parameters"
   ],
   "tabs_idx":[
    0,
    1,
    8,
    10
   ]
  },
  "viewer":{
   "jshandler":"webview/handlers/ElementHandler"
  },
  "obj_viewer":[
  ],
  "finder":{
   "blocktype":"SubSystem",
   "masktype":""
  }
 },
 {
  "sid":"FC_Aircraft_architecture:3391#in:1",
  "inspector":{
   "params":[
    "Name",
    "Name",
    "Action"
   ],
   "values":[
    "Drehmomentanforderung",
    "<inherit>",
    "Input"
   ],
   "tabs":[
    "Main",
    "Interface"
   ],
   "tabs_idx":[
    0,
    1
   ]
  },
  "viewer":{
   "jshandler":"webview/handlers/ElementHandler"
  },
  "obj_viewer":[
  ],
  "finder":[
  ]
 },
 {
  "sid":"FC_Aircraft_architecture:3391#in:2",
  "inspector":{
   "params":[
    "Name",
    "Name",
    "Action"
   ],
   "values":[
    "Kühlluft MCU",
    "<inherit>",
    "Input"
   ],
   "tabs":[
    "Main",
    "Interface"
   ],
   "tabs_idx":[
    0,
    1
   ]
  },
  "viewer":{
   "jshandler":"webview/handlers/ElementHandler"
  },
  "obj_viewer":[
  ],
  "finder":[
  ]
 },
 {
  "sid":"FC_Aircraft_architecture:3391#in:3",
  "inspector":{
   "params":[
    "Name",
    "Name",
    "Action"
   ],
   "values":[
    "Kühlluft Motor ",
    "<inherit>",
    "Input"
   ],
   "tabs":[
    "Main",
    "Interface"
   ],
   "tabs_idx":[
    0,
    1
   ]
  },
  "viewer":{
   "jshandler":"webview/handlers/ElementHandler"
  },
  "obj_viewer":[
  ],
  "finder":[
  ]
 },
 {
  "sid":"FC_Aircraft_architecture:3391#in:4",
  "inspector":{
   "params":[
    "Name",
    "Name",
    "Action"
   ],
   "values":[
    "Gleichstrom",
    "<inherit>",
    "Input"
   ],
   "tabs":[
    "Main",
    "Interface"
   ],
   "tabs_idx":[
    0,
    1
   ]
  },
  "viewer":{
   "jshandler":"webview/handlers/ElementHandler"
  },
  "obj_viewer":[
  ],
  "finder":[
  ]
 },
 {
  "sid":"FC_Aircraft_architecture:3391#in:5",
  "inspector":{
   "params":[
    "Name",
    "Name",
    "Action"
   ],
   "values":[
    "Gleichspannung",
    "<inherit>",
    "Input"
   ],
   "tabs":[
    "Main",
    "Interface"
   ],
   "tabs_idx":[
    0,
    1
   ]
  },
  "viewer":{
   "jshandler":"webview/handlers/ElementHandler"
  },
  "obj_viewer":[
  ],
  "finder":[
  ]
 },
 {
  "sid":"FC_Aircraft_architecture:3391#out:1",
  "inspector":{
   "params":[
    "Name",
    "Name",
    "Action"
   ],
   "values":[
    "Zustand MCU",
    "<inherit>",
    "Output"
   ],
   "tabs":[
    "Main",
    "Interface"
   ],
   "tabs_idx":[
    0,
    1
   ]
  },
  "viewer":{
   "jshandler":"webview/handlers/ElementHandler"
  },
  "obj_viewer":[
  ],
  "finder":[
  ]
 },
 {
  "sid":"FC_Aircraft_architecture:3391#out:2",
  "inspector":{
   "params":[
    "Name",
    "Name",
    "Action"
   ],
   "values":[
    "Drehmoment",
    "<inherit>",
    "Output"
   ],
   "tabs":[
    "Main",
    "Interface"
   ],
   "tabs_idx":[
    0,
    1
   ]
  },
  "viewer":{
   "jshandler":"webview/handlers/ElementHandler"
  },
  "obj_viewer":[
  ],
  "finder":[
  ]
 },
 {
  "sid":"FC_Aircraft_architecture:3391#out:3",
  "inspector":{
   "params":[
    "Name",
    "Name",
    "Action"
   ],
   "values":[
    "Drehzahl",
    "<inherit>",
    "Output"
   ],
   "tabs":[
    "Main",
    "Interface"
   ],
   "tabs_idx":[
    0,
    1
   ]
  },
  "viewer":{
   "jshandler":"webview/handlers/ElementHandler"
  },
  "obj_viewer":[
  ],
  "finder":[
  ]
 },
 {
  "sid":"FC_Aircraft_architecture:3391#rconn:1",
  "inspector":{
   "params":[
    "Name",
    "Name",
    "Action"
   ],
   "values":[
    "Drehmomentabstützung",
    "<inherit>",
    "Physical"
   ],
   "tabs":[
    "Main",
    "Interface"
   ],
   "tabs_idx":[
    0,
    1
   ]
  },
  "viewer":{
   "jshandler":"webview/handlers/ElementHandler"
  },
  "obj_viewer":[
  ],
  "finder":[
  ]
 },
 {
  "sid":"FC_Aircraft_architecture:3390",
  "inspector":{
   "params":[
    "Name",
    "cost",
    "constructionSpace",
    "weight",
    "power",
    "voltage",
    "current",
    "costFactor",
    "ATA_Chapter",
    "Owner",
    "No parameters defined"
   ],
   "values":[
    "elektrische Stromversorgung",
    "0 €",
    "0 m^3",
    "0 kg",
    "0 W",
    "0 V",
    "0 A",
    "1 ",
    "'024 elektrische Stromversorgung'",
    "'tbd'",
    ""
   ],
   "tabs":[
    "Main",
    "Stereotype : System",
    "Stereotype : Metadaten",
    "Parameters"
   ],
   "tabs_idx":[
    0,
    1,
    8,
    10
   ]
  },
  "viewer":{
   "jshandler":"webview/handlers/ElementHandler"
  },
  "obj_viewer":[
  ],
  "finder":{
   "blocktype":"SubSystem",
   "masktype":""
  }
 },
 {
  "sid":"FC_Aircraft_architecture:3390#in:1",
  "inspector":{
   "params":[
    "Name",
    "Name",
    "Action"
   ],
   "values":[
    "Gleichspannung  ",
    "<inherit>",
    "Input"
   ],
   "tabs":[
    "Main",
    "Interface"
   ],
   "tabs_idx":[
    0,
    1
   ]
  },
  "viewer":{
   "jshandler":"webview/handlers/ElementHandler"
  },
  "obj_viewer":[
  ],
  "finder":[
  ]
 },
 {
  "sid":"FC_Aircraft_architecture:3390#in:2",
  "inspector":{
   "params":[
    "Name",
    "Name",
    "Action"
   ],
   "values":[
    "Kühlluft MSPC",
    "<inherit>",
    "Input"
   ],
   "tabs":[
    "Main",
    "Interface"
   ],
   "tabs_idx":[
    0,
    1
   ]
  },
  "viewer":{
   "jshandler":"webview/handlers/ElementHandler"
  },
  "obj_viewer":[
  ],
  "finder":[
  ]
 },
 {
  "sid":"FC_Aircraft_architecture:3390#in:3",
  "inspector":{
   "params":[
    "Name",
    "Name",
    "Action"
   ],
   "values":[
    "Gleichstrom  ",
    "<inherit>",
    "Input"
   ],
   "tabs":[
    "Main",
    "Interface"
   ],
   "tabs_idx":[
    0,
    1
   ]
  },
  "viewer":{
   "jshandler":"webview/handlers/ElementHandler"
  },
  "obj_viewer":[
  ],
  "finder":[
  ]
 },
 {
  "sid":"FC_Aircraft_architecture:3390#in:4",
  "inspector":{
   "params":[
    "Name",
    "Name",
    "Action"
   ],
   "values":[
    "Kühlluft Batterie",
    "<inherit>",
    "Input"
   ],
   "tabs":[
    "Main",
    "Interface"
   ],
   "tabs_idx":[
    0,
    1
   ]
  },
  "viewer":{
   "jshandler":"webview/handlers/ElementHandler"
  },
  "obj_viewer":[
  ],
  "finder":[
  ]
 },
 {
  "sid":"FC_Aircraft_architecture:3390#out:1",
  "inspector":{
   "params":[
    "Name",
    "Name",
    "Action"
   ],
   "values":[
    "Zustand MSPC",
    "<inherit>",
    "Output"
   ],
   "tabs":[
    "Main",
    "Interface"
   ],
   "tabs_idx":[
    0,
    1
   ]
  },
  "viewer":{
   "jshandler":"webview/handlers/ElementHandler"
  },
  "obj_viewer":[
  ],
  "finder":[
  ]
 },
 {
  "sid":"FC_Aircraft_architecture:3390#out:2",
  "inspector":{
   "params":[
    "Name",
    "Name",
    "Action"
   ],
   "values":[
    "Gleichspannung ",
    "<inherit>",
    "Output"
   ],
   "tabs":[
    "Main",
    "Interface"
   ],
   "tabs_idx":[
    0,
    1
   ]
  },
  "viewer":{
   "jshandler":"webview/handlers/ElementHandler"
  },
  "obj_viewer":[
  ],
  "finder":[
  ]
 },
 {
  "sid":"FC_Aircraft_architecture:3390#out:3",
  "inspector":{
   "params":[
    "Name",
    "Name",
    "Action"
   ],
   "values":[
    "Gleichstrom ",
    "<inherit>",
    "Output"
   ],
   "tabs":[
    "Main",
    "Interface"
   ],
   "tabs_idx":[
    0,
    1
   ]
  },
  "viewer":{
   "jshandler":"webview/handlers/ElementHandler"
  },
  "obj_viewer":[
  ],
  "finder":[
  ]
 },
 {
  "sid":"FC_Aircraft_architecture#seg:1555-374-1645-600",
  "inspector":{
   "params":[
    "Name"
   ],
   "values":[
    "Conn"
   ],
   "tabs":[
    "Physical Connector"
   ],
   "tabs_idx":0
  },
  "viewer":{
   "jshandler":"webview/handlers/ElementHandler"
  },
  "obj_viewer":[
  ],
  "finder":[
  ]
 },
 {
  "sid":"FC_Aircraft_architecture#seg:2000-290-2000-290",
  "inspector":{
   "params":[
    "Source",
    "Destination",
    "Name"
   ],
   "values":[
    "Flughöhe",
    "Flughöhe",
    "Conn"
   ],
   "tabs":[
    "Port selection",
    "Connector",
    "Stereotype : mechanical"
   ],
   "tabs_idx":[
    0,
    2,
    3
   ]
  },
  "viewer":{
   "jshandler":"webview/handlers/ElementHandler"
  },
  "obj_viewer":[
  ],
  "finder":[
  ]
 },
 {
  "sid":"FC_Aircraft_architecture#seg:1990--35-1988--35",
  "inspector":{
   "params":[
    "Source",
    "Destination",
    "Name"
   ],
   "values":[
    "Kühlluft In",
    "Kühlluft In",
    "Conn"
   ],
   "tabs":[
    "Port selection",
    "Connector",
    "Stereotype : fluidic"
   ],
   "tabs_idx":[
    0,
    2,
    3
   ]
  },
  "viewer":{
   "jshandler":"webview/handlers/ElementHandler"
  },
  "obj_viewer":[
  ],
  "finder":[
  ]
 },
 {
  "sid":"FC_Aircraft_architecture#seg:2000-320-2000-325",
  "inspector":{
   "params":[
    "Source",
    "Destination",
    "Name"
   ],
   "values":[
    "Geschwindigkeit",
    "Geschwindigkeit",
    "Conn"
   ],
   "tabs":[
    "Port selection",
    "Connector",
    "Stereotype : mechanical"
   ],
   "tabs_idx":[
    0,
    2,
    3
   ]
  },
  "viewer":{
   "jshandler":"webview/handlers/ElementHandler"
  },
  "obj_viewer":[
  ],
  "finder":[
  ]
 },
 {
  "sid":"FC_Aircraft_architecture#seg:2000-265-2000-255",
  "inspector":{
   "params":[
    "Source",
    "Destination",
    "Name"
   ],
   "values":[
    "Schub",
    "Schub",
    "Conn"
   ],
   "tabs":[
    "Port selection",
    "Connector",
    "Stereotype : mechanical"
   ],
   "tabs_idx":[
    0,
    2,
    3
   ]
  },
  "viewer":{
   "jshandler":"webview/handlers/ElementHandler"
  },
  "obj_viewer":[
  ],
  "finder":[
  ]
 },
 {
  "sid":"FC_Aircraft_architecture#seg:1510-500-1480-375",
  "inspector":{
   "params":[
    "Source",
    "Destination",
    "Name"
   ],
   "values":[
    "Drehmomentanforderung",
    "Drehmomentanforderung",
    "Conn"
   ],
   "tabs":[
    "Port selection",
    "Connector",
    "Stereotype : Signal"
   ],
   "tabs_idx":[
    0,
    2,
    3
   ]
  },
  "viewer":{
   "jshandler":"webview/handlers/ElementHandler"
  },
  "obj_viewer":[
  ],
  "finder":[
  ]
 },
 {
  "sid":"FC_Aircraft_architecture#seg:1405-375-1320-500",
  "inspector":{
   "params":[
    "Source",
    "Destination",
    "Name"
   ],
   "values":[
    "Zustand MCU",
    "Zustand MCU",
    "Conn"
   ],
   "tabs":[
    "Port selection",
    "Connector",
    "Stereotype : Signal"
   ],
   "tabs_idx":[
    0,
    2,
    3
   ]
  },
  "viewer":{
   "jshandler":"webview/handlers/ElementHandler"
  },
  "obj_viewer":[
  ],
  "finder":[
  ]
 },
 {
  "sid":"FC_Aircraft_architecture#seg:1105-375-1130-500",
  "inspector":{
   "params":[
    "Source",
    "Destination",
    "Name"
   ],
   "values":[
    "Zustand MSPC",
    "Zustand MSPC",
    "Conn"
   ],
   "tabs":[
    "Port selection",
    "Connector",
    "Stereotype : Signal"
   ],
   "tabs_idx":[
    0,
    2,
    3
   ]
  },
  "viewer":{
   "jshandler":"webview/handlers/ElementHandler"
  },
  "obj_viewer":[
  ],
  "finder":[
  ]
 },
 {
  "sid":"FC_Aircraft_architecture#seg:815-375-940-500",
  "inspector":{
   "params":[
    "Source",
    "Destination",
    "Name"
   ],
   "values":[
    "Zustand BZ Stapel",
    "Zustand BZ Stapel",
    "Conn"
   ],
   "tabs":[
    "Port selection",
    "Connector",
    "Stereotype : Signal"
   ],
   "tabs_idx":[
    0,
    2,
    3
   ]
  },
  "viewer":{
   "jshandler":"webview/handlers/ElementHandler"
  },
  "obj_viewer":[
  ],
  "finder":[
  ]
 },
 {
  "sid":"FC_Aircraft_architecture#seg:700-375-750-500",
  "inspector":{
   "params":[
    "Source",
    "Destination",
    "Name"
   ],
   "values":[
    "Zustand H2 Speicher",
    "Zustand H2 Speicher",
    "Conn"
   ],
   "tabs":[
    "Port selection",
    "Connector",
    "Stereotype : Signal"
   ],
   "tabs_idx":[
    0,
    2,
    3
   ]
  },
  "viewer":{
   "jshandler":"webview/handlers/ElementHandler"
  },
  "obj_viewer":[
  ],
  "finder":[
  ]
 },
 {
  "sid":"FC_Aircraft_architecture#seg:903-320-960-320",
  "inspector":{
   "params":[
    "Source",
    "Destination",
    "Name"
   ],
   "values":[
    "Gleichstrom  ",
    "Gleichstrom  ",
    "Conn"
   ],
   "tabs":[
    "Port selection",
    "Connector",
    "Stereotype : electrical"
   ],
   "tabs_idx":[
    0,
    2,
    3
   ]
  },
  "viewer":{
   "jshandler":"webview/handlers/ElementHandler"
  },
  "obj_viewer":[
  ],
  "finder":[
  ]
 },
 {
  "sid":"FC_Aircraft_architecture#seg:903-265-960-265",
  "inspector":{
   "params":[
    "Source",
    "Destination",
    "Name"
   ],
   "values":[
    "Gleichspannung  ",
    "Gleichspannung  ",
    "Conn"
   ],
   "tabs":[
    "Port selection",
    "Connector",
    "Stereotype : electrical"
   ],
   "tabs_idx":[
    0,
    2,
    3
   ]
  },
  "viewer":{
   "jshandler":"webview/handlers/ElementHandler"
  },
  "obj_viewer":[
  ],
  "finder":[
  ]
 },
 {
  "sid":"FC_Aircraft_architecture#seg:1251-320-1335-320",
  "inspector":{
   "params":[
    "Source",
    "Destination",
    "Name"
   ],
   "values":[
    "Gleichstrom ",
    "Gleichstrom",
    "Conn"
   ],
   "tabs":[
    "Port selection",
    "Connector",
    "Stereotype : electrical"
   ],
   "tabs_idx":[
    0,
    2,
    3
   ]
  },
  "viewer":{
   "jshandler":"webview/handlers/ElementHandler"
  },
  "obj_viewer":[
  ],
  "finder":[
  ]
 },
 {
  "sid":"FC_Aircraft_architecture#seg:1251-265-1335-265",
  "inspector":{
   "params":[
    "Source",
    "Destination",
    "Name"
   ],
   "values":[
    "Gleichspannung ",
    "Gleichspannung",
    "Conn"
   ],
   "tabs":[
    "Port selection",
    "Connector",
    "Stereotype : electrical"
   ],
   "tabs_idx":[
    0,
    2,
    3
   ]
  },
  "viewer":{
   "jshandler":"webview/handlers/ElementHandler"
  },
  "obj_viewer":[
  ],
  "finder":[
  ]
 },
 {
  "sid":"FC_Aircraft_architecture#seg:990-19-755-180",
  "inspector":{
   "params":[
    "Source",
    "Destination",
    "Name"
   ],
   "values":[
    "Kühl- Reaktionsluft BZ",
    "Kühl- Reaktionsluft BZ",
    "Conn"
   ],
   "tabs":[
    "Port selection",
    "Connector",
    "Stereotype : fluidic"
   ],
   "tabs_idx":[
    0,
    2,
    3
   ]
  },
  "viewer":{
   "jshandler":"webview/handlers/ElementHandler"
  },
  "obj_viewer":[
  ],
  "finder":[
  ]
 },
 {
  "sid":"FC_Aircraft_architecture#seg:1165-19-1050-180",
  "inspector":{
   "params":[
    "Source",
    "Destination",
    "Name"
   ],
   "values":[
    "Kühlluft Batterie",
    "Kühlluft Batterie",
    "Conn"
   ],
   "tabs":[
    "Port selection",
    "Connector",
    "Stereotype : fluidic"
   ],
   "tabs_idx":[
    0,
    2,
    3
   ]
  },
  "viewer":{
   "jshandler":"webview/handlers/ElementHandler"
  },
  "obj_viewer":[
  ],
  "finder":[
  ]
 },
 {
  "sid":"FC_Aircraft_architecture#seg:1340-19-1165-180",
  "inspector":{
   "params":[
    "Source",
    "Destination",
    "Name"
   ],
   "values":[
    "Kühlluft MSPC",
    "Kühlluft MSPC",
    "Conn"
   ],
   "tabs":[
    "Port selection",
    "Connector",
    "Stereotype : fluidic"
   ],
   "tabs_idx":[
    0,
    2,
    3
   ]
  },
  "viewer":{
   "jshandler":"webview/handlers/ElementHandler"
  },
  "obj_viewer":[
  ],
  "finder":[
  ]
 },
 {
  "sid":"FC_Aircraft_architecture#seg:1690-19-1540-180",
  "inspector":{
   "params":[
    "Source",
    "Destination",
    "Name"
   ],
   "values":[
    "Kühlluft Motor ",
    "Kühlluft Motor ",
    "Conn"
   ],
   "tabs":[
    "Port selection",
    "Connector",
    "Stereotype : fluidic"
   ],
   "tabs_idx":[
    0,
    2,
    3
   ]
  },
  "viewer":{
   "jshandler":"webview/handlers/ElementHandler"
  },
  "obj_viewer":[
  ],
  "finder":[
  ]
 },
 {
  "sid":"FC_Aircraft_architecture#seg:1515-19-1425-180",
  "inspector":{
   "params":[
    "Source",
    "Destination",
    "Name"
   ],
   "values":[
    "Kühlluft MCU",
    "Kühlluft MCU",
    "Conn"
   ],
   "tabs":[
    "Port selection",
    "Connector",
    "Stereotype : fluidic"
   ],
   "tabs_idx":[
    0,
    2,
    3
   ]
  },
  "viewer":{
   "jshandler":"webview/handlers/ElementHandler"
  },
  "obj_viewer":[
  ],
  "finder":[
  ]
 },
 {
  "sid":"FC_Aircraft_architecture#seg:1855-180-1865-19",
  "inspector":{
   "params":[
    "Source",
    "Destination",
    "Name"
   ],
   "values":[
    "Kühlluft Propeller",
    "Kühlluft Propeller",
    "Conn"
   ],
   "tabs":[
    "Port selection",
    "Connector",
    "Stereotype : fluidic"
   ],
   "tabs_idx":[
    0,
    2,
    3
   ]
  },
  "viewer":{
   "jshandler":"webview/handlers/ElementHandler"
  },
  "obj_viewer":[
  ],
  "finder":[
  ]
 },
 {
  "sid":"FC_Aircraft_architecture#seg:1627-320-1710-320",
  "inspector":{
   "params":[
    "Source",
    "Destination",
    "Name"
   ],
   "values":[
    "Drehzahl",
    "Drehzahl",
    "Conn"
   ],
   "tabs":[
    "Port selection",
    "Connector",
    "Stereotype : mechanical"
   ],
   "tabs_idx":[
    0,
    2,
    3
   ]
  },
  "viewer":{
   "jshandler":"webview/handlers/ElementHandler"
  },
  "obj_viewer":[
  ],
  "finder":[
  ]
 },
 {
  "sid":"FC_Aircraft_architecture#seg:1627-265-1710-265",
  "inspector":{
   "params":[
    "Source",
    "Destination",
    "Name"
   ],
   "values":[
    "Drehmoment",
    "Drehmoment",
    "Conn"
   ],
   "tabs":[
    "Port selection",
    "Connector",
    "Stereotype : mechanical"
   ],
   "tabs_idx":[
    0,
    2,
    3
   ]
  },
  "viewer":{
   "jshandler":"webview/handlers/ElementHandler"
  },
  "obj_viewer":[
  ],
  "finder":[
  ]
 },
 {
  "sid":"FC_Aircraft_architecture:3391#out:2;line",
  "inspector":{
   "params":[
    "SignalNameFromLabel",
    "MustResolveToSignal",
    "ShowPropagatedSignal",
    "DataLogging",
    "TestPoint",
    "SignalObjectPackage",
    "StorageClass",
    "Description",
    "documentLink"
   ],
   "values":[
    "",
    "off",
    "off",
    "off",
    "off",
    "Simulink",
    "Auto",
    "",
    ""
   ],
   "tabs":[
    "Parameter Attributes",
    "Logging and Accessibility",
    "Code Generation",
    "Documentation"
   ],
   "tabs_idx":[
    0,
    3,
    5,
    7
   ]
  },
  "viewer":{
   "jshandler":"webview/handlers/ElementHandler"
  },
  "obj_viewer":[
  ],
  "finder":[
  ]
 },
 {
  "sid":"FC_Aircraft_architecture:3391#out:3;line",
  "inspector":{
   "params":[
    "SignalNameFromLabel",
    "MustResolveToSignal",
    "ShowPropagatedSignal",
    "DataLogging",
    "TestPoint",
    "SignalObjectPackage",
    "StorageClass",
    "Description",
    "documentLink"
   ],
   "values":[
    "",
    "off",
    "off",
    "off",
    "off",
    "Simulink",
    "Auto",
    "",
    ""
   ],
   "tabs":[
    "Parameter Attributes",
    "Logging and Accessibility",
    "Code Generation",
    "Documentation"
   ],
   "tabs_idx":[
    0,
    3,
    5,
    7
   ]
  },
  "viewer":{
   "jshandler":"webview/handlers/ElementHandler"
  },
  "obj_viewer":[
  ],
  "finder":[
  ]
 },
 {
  "sid":"FC_Aircraft_architecture:3392#out:1;line",
  "inspector":{
   "params":[
    "SignalNameFromLabel",
    "MustResolveToSignal",
    "ShowPropagatedSignal",
    "DataLogging",
    "TestPoint",
    "SignalObjectPackage",
    "StorageClass",
    "Description",
    "documentLink"
   ],
   "values":[
    "",
    "off",
    "off",
    "off",
    "off",
    "Simulink",
    "Auto",
    "",
    ""
   ],
   "tabs":[
    "Parameter Attributes",
    "Logging and Accessibility",
    "Code Generation",
    "Documentation"
   ],
   "tabs_idx":[
    0,
    3,
    5,
    7
   ]
  },
  "viewer":{
   "jshandler":"webview/handlers/ElementHandler"
  },
  "obj_viewer":[
  ],
  "finder":[
  ]
 },
 {
  "sid":"FC_Aircraft_architecture:3386#out:4;line",
  "inspector":{
   "params":[
    "SignalNameFromLabel",
    "MustResolveToSignal",
    "ShowPropagatedSignal",
    "DataLogging",
    "TestPoint",
    "SignalObjectPackage",
    "StorageClass",
    "Description",
    "documentLink"
   ],
   "values":[
    "",
    "off",
    "off",
    "off",
    "off",
    "Simulink",
    "Auto",
    "",
    ""
   ],
   "tabs":[
    "Parameter Attributes",
    "Logging and Accessibility",
    "Code Generation",
    "Documentation"
   ],
   "tabs_idx":[
    0,
    3,
    5,
    7
   ]
  },
  "viewer":{
   "jshandler":"webview/handlers/ElementHandler"
  },
  "obj_viewer":[
  ],
  "finder":[
  ]
 },
 {
  "sid":"FC_Aircraft_architecture:3386#out:5;line",
  "inspector":{
   "params":[
    "SignalNameFromLabel",
    "MustResolveToSignal",
    "ShowPropagatedSignal",
    "DataLogging",
    "TestPoint",
    "SignalObjectPackage",
    "StorageClass",
    "Description",
    "documentLink"
   ],
   "values":[
    "",
    "off",
    "off",
    "off",
    "off",
    "Simulink",
    "Auto",
    "",
    ""
   ],
   "tabs":[
    "Parameter Attributes",
    "Logging and Accessibility",
    "Code Generation",
    "Documentation"
   ],
   "tabs_idx":[
    0,
    3,
    5,
    7
   ]
  },
  "viewer":{
   "jshandler":"webview/handlers/ElementHandler"
  },
  "obj_viewer":[
  ],
  "finder":[
  ]
 },
 {
  "sid":"FC_Aircraft_architecture:3386#out:3;line",
  "inspector":{
   "params":[
    "SignalNameFromLabel",
    "MustResolveToSignal",
    "ShowPropagatedSignal",
    "DataLogging",
    "TestPoint",
    "SignalObjectPackage",
    "StorageClass",
    "Description",
    "documentLink"
   ],
   "values":[
    "",
    "off",
    "off",
    "off",
    "off",
    "Simulink",
    "Auto",
    "",
    ""
   ],
   "tabs":[
    "Parameter Attributes",
    "Logging and Accessibility",
    "Code Generation",
    "Documentation"
   ],
   "tabs_idx":[
    0,
    3,
    5,
    7
   ]
  },
  "viewer":{
   "jshandler":"webview/handlers/ElementHandler"
  },
  "obj_viewer":[
  ],
  "finder":[
  ]
 },
 {
  "sid":"FC_Aircraft_architecture:3386#out:2;line",
  "inspector":{
   "params":[
    "SignalNameFromLabel",
    "MustResolveToSignal",
    "ShowPropagatedSignal",
    "DataLogging",
    "TestPoint",
    "SignalObjectPackage",
    "StorageClass",
    "Description",
    "documentLink"
   ],
   "values":[
    "",
    "off",
    "off",
    "off",
    "off",
    "Simulink",
    "Auto",
    "",
    ""
   ],
   "tabs":[
    "Parameter Attributes",
    "Logging and Accessibility",
    "Code Generation",
    "Documentation"
   ],
   "tabs_idx":[
    0,
    3,
    5,
    7
   ]
  },
  "viewer":{
   "jshandler":"webview/handlers/ElementHandler"
  },
  "obj_viewer":[
  ],
  "finder":[
  ]
 },
 {
  "sid":"FC_Aircraft_architecture:3386#out:1;line",
  "inspector":{
   "params":[
    "SignalNameFromLabel",
    "MustResolveToSignal",
    "ShowPropagatedSignal",
    "DataLogging",
    "TestPoint",
    "SignalObjectPackage",
    "StorageClass",
    "Description",
    "documentLink"
   ],
   "values":[
    "",
    "off",
    "off",
    "off",
    "off",
    "Simulink",
    "Auto",
    "",
    ""
   ],
   "tabs":[
    "Parameter Attributes",
    "Logging and Accessibility",
    "Code Generation",
    "Documentation"
   ],
   "tabs_idx":[
    0,
    3,
    5,
    7
   ]
  },
  "viewer":{
   "jshandler":"webview/handlers/ElementHandler"
  },
  "obj_viewer":[
  ],
  "finder":[
  ]
 },
 {
  "sid":"FC_Aircraft_architecture:3390#out:2;line",
  "inspector":{
   "params":[
    "SignalNameFromLabel",
    "MustResolveToSignal",
    "ShowPropagatedSignal",
    "DataLogging",
    "TestPoint",
    "SignalObjectPackage",
    "StorageClass",
    "Description",
    "documentLink"
   ],
   "values":[
    "",
    "off",
    "off",
    "off",
    "off",
    "Simulink",
    "Auto",
    "",
    ""
   ],
   "tabs":[
    "Parameter Attributes",
    "Logging and Accessibility",
    "Code Generation",
    "Documentation"
   ],
   "tabs_idx":[
    0,
    3,
    5,
    7
   ]
  },
  "viewer":{
   "jshandler":"webview/handlers/ElementHandler"
  },
  "obj_viewer":[
  ],
  "finder":[
  ]
 },
 {
  "sid":"FC_Aircraft_architecture:3390#out:3;line",
  "inspector":{
   "params":[
    "SignalNameFromLabel",
    "MustResolveToSignal",
    "ShowPropagatedSignal",
    "DataLogging",
    "TestPoint",
    "SignalObjectPackage",
    "StorageClass",
    "Description",
    "documentLink"
   ],
   "values":[
    "",
    "off",
    "off",
    "off",
    "off",
    "Simulink",
    "Auto",
    "",
    ""
   ],
   "tabs":[
    "Parameter Attributes",
    "Logging and Accessibility",
    "Code Generation",
    "Documentation"
   ],
   "tabs_idx":[
    0,
    3,
    5,
    7
   ]
  },
  "viewer":{
   "jshandler":"webview/handlers/ElementHandler"
  },
  "obj_viewer":[
  ],
  "finder":[
  ]
 },
 {
  "sid":"FC_Aircraft_architecture:3388#out:1;line",
  "inspector":{
   "params":[
    "SignalNameFromLabel",
    "MustResolveToSignal",
    "ShowPropagatedSignal",
    "DataLogging",
    "TestPoint",
    "SignalObjectPackage",
    "StorageClass",
    "Description",
    "documentLink"
   ],
   "values":[
    "",
    "off",
    "off",
    "off",
    "off",
    "Simulink",
    "Auto",
    "",
    ""
   ],
   "tabs":[
    "Parameter Attributes",
    "Logging and Accessibility",
    "Code Generation",
    "Documentation"
   ],
   "tabs_idx":[
    0,
    3,
    5,
    7
   ]
  },
  "viewer":{
   "jshandler":"webview/handlers/ElementHandler"
  },
  "obj_viewer":[
  ],
  "finder":[
  ]
 },
 {
  "sid":"FC_Aircraft_architecture:3388#out:2;line",
  "inspector":{
   "params":[
    "SignalNameFromLabel",
    "MustResolveToSignal",
    "ShowPropagatedSignal",
    "DataLogging",
    "TestPoint",
    "SignalObjectPackage",
    "StorageClass",
    "Description",
    "documentLink"
   ],
   "values":[
    "",
    "off",
    "off",
    "off",
    "off",
    "Simulink",
    "Auto",
    "",
    ""
   ],
   "tabs":[
    "Parameter Attributes",
    "Logging and Accessibility",
    "Code Generation",
    "Documentation"
   ],
   "tabs_idx":[
    0,
    3,
    5,
    7
   ]
  },
  "viewer":{
   "jshandler":"webview/handlers/ElementHandler"
  },
  "obj_viewer":[
  ],
  "finder":[
  ]
 },
 {
  "sid":"FC_Aircraft_architecture:3388#out:3;line",
  "inspector":{
   "params":[
    "SignalNameFromLabel",
    "MustResolveToSignal",
    "ShowPropagatedSignal",
    "DataLogging",
    "TestPoint",
    "SignalObjectPackage",
    "StorageClass",
    "Description",
    "documentLink"
   ],
   "values":[
    "",
    "off",
    "off",
    "off",
    "off",
    "Simulink",
    "Auto",
    "",
    ""
   ],
   "tabs":[
    "Parameter Attributes",
    "Logging and Accessibility",
    "Code Generation",
    "Documentation"
   ],
   "tabs_idx":[
    0,
    3,
    5,
    7
   ]
  },
  "viewer":{
   "jshandler":"webview/handlers/ElementHandler"
  },
  "obj_viewer":[
  ],
  "finder":[
  ]
 },
 {
  "sid":"FC_Aircraft_architecture:3388#out:4;line",
  "inspector":{
   "params":[
    "SignalNameFromLabel",
    "MustResolveToSignal",
    "ShowPropagatedSignal",
    "DataLogging",
    "TestPoint",
    "SignalObjectPackage",
    "StorageClass",
    "Description",
    "documentLink"
   ],
   "values":[
    "",
    "off",
    "off",
    "off",
    "off",
    "Simulink",
    "Auto",
    "",
    ""
   ],
   "tabs":[
    "Parameter Attributes",
    "Logging and Accessibility",
    "Code Generation",
    "Documentation"
   ],
   "tabs_idx":[
    0,
    3,
    5,
    7
   ]
  },
  "viewer":{
   "jshandler":"webview/handlers/ElementHandler"
  },
  "obj_viewer":[
  ],
  "finder":[
  ]
 },
 {
  "sid":"FC_Aircraft_architecture:3390#out:1;line",
  "inspector":{
   "params":[
    "SignalNameFromLabel",
    "MustResolveToSignal",
    "ShowPropagatedSignal",
    "DataLogging",
    "TestPoint",
    "SignalObjectPackage",
    "StorageClass",
    "Description",
    "documentLink"
   ],
   "values":[
    "",
    "off",
    "off",
    "off",
    "off",
    "Simulink",
    "Auto",
    "",
    ""
   ],
   "tabs":[
    "Parameter Attributes",
    "Logging and Accessibility",
    "Code Generation",
    "Documentation"
   ],
   "tabs_idx":[
    0,
    3,
    5,
    7
   ]
  },
  "viewer":{
   "jshandler":"webview/handlers/ElementHandler"
  },
  "obj_viewer":[
  ],
  "finder":[
  ]
 },
 {
  "sid":"FC_Aircraft_architecture:3391#out:1;line",
  "inspector":{
   "params":[
    "SignalNameFromLabel",
    "MustResolveToSignal",
    "ShowPropagatedSignal",
    "DataLogging",
    "TestPoint",
    "SignalObjectPackage",
    "StorageClass",
    "Description",
    "documentLink"
   ],
   "values":[
    "",
    "off",
    "off",
    "off",
    "off",
    "Simulink",
    "Auto",
    "",
    ""
   ],
   "tabs":[
    "Parameter Attributes",
    "Logging and Accessibility",
    "Code Generation",
    "Documentation"
   ],
   "tabs_idx":[
    0,
    3,
    5,
    7
   ]
  },
  "viewer":{
   "jshandler":"webview/handlers/ElementHandler"
  },
  "obj_viewer":[
  ],
  "finder":[
  ]
 },
 {
  "sid":"FC_Aircraft_architecture:3393#out:1;line",
  "inspector":{
   "params":[
    "SignalNameFromLabel",
    "MustResolveToSignal",
    "ShowPropagatedSignal",
    "DataLogging",
    "TestPoint",
    "SignalObjectPackage",
    "StorageClass",
    "Description",
    "documentLink"
   ],
   "values":[
    "",
    "off",
    "off",
    "off",
    "off",
    "Simulink",
    "Auto",
    "",
    ""
   ],
   "tabs":[
    "Parameter Attributes",
    "Logging and Accessibility",
    "Code Generation",
    "Documentation"
   ],
   "tabs_idx":[
    0,
    3,
    5,
    7
   ]
  },
  "viewer":{
   "jshandler":"webview/handlers/ElementHandler"
  },
  "obj_viewer":[
  ],
  "finder":[
  ]
 },
 {
  "sid":"FC_Aircraft_architecture:3481#out:1;line",
  "inspector":{
   "params":[
    "SignalNameFromLabel",
    "MustResolveToSignal",
    "ShowPropagatedSignal",
    "DataLogging",
    "TestPoint",
    "SignalObjectPackage",
    "StorageClass",
    "Description",
    "documentLink"
   ],
   "values":[
    "",
    "off",
    "off",
    "off",
    "off",
    "Simulink",
    "Auto",
    "",
    ""
   ],
   "tabs":[
    "Parameter Attributes",
    "Logging and Accessibility",
    "Code Generation",
    "Documentation"
   ],
   "tabs_idx":[
    0,
    3,
    5,
    7
   ]
  },
  "viewer":{
   "jshandler":"webview/handlers/ElementHandler"
  },
  "obj_viewer":[
  ],
  "finder":[
  ]
 },
 {
  "sid":"FC_Aircraft_architecture:3483#out:1;line",
  "inspector":{
   "params":[
    "SignalNameFromLabel",
    "MustResolveToSignal",
    "ShowPropagatedSignal",
    "DataLogging",
    "TestPoint",
    "SignalObjectPackage",
    "StorageClass",
    "Description",
    "documentLink"
   ],
   "values":[
    "",
    "off",
    "off",
    "off",
    "off",
    "Simulink",
    "Auto",
    "",
    ""
   ],
   "tabs":[
    "Parameter Attributes",
    "Logging and Accessibility",
    "Code Generation",
    "Documentation"
   ],
   "tabs_idx":[
    0,
    3,
    5,
    7
   ]
  },
  "viewer":{
   "jshandler":"webview/handlers/ElementHandler"
  },
  "obj_viewer":[
  ],
  "finder":[
  ]
 },
 {
  "sid":"FC_Aircraft_architecture:3487#out:1;line",
  "inspector":{
   "params":[
    "SignalNameFromLabel",
    "MustResolveToSignal",
    "ShowPropagatedSignal",
    "DataLogging",
    "TestPoint",
    "SignalObjectPackage",
    "StorageClass",
    "Description",
    "documentLink"
   ],
   "values":[
    "",
    "off",
    "off",
    "off",
    "off",
    "Simulink",
    "Auto",
    "",
    ""
   ],
   "tabs":[
    "Parameter Attributes",
    "Logging and Accessibility",
    "Code Generation",
    "Documentation"
   ],
   "tabs_idx":[
    0,
    3,
    5,
    7
   ]
  },
  "viewer":{
   "jshandler":"webview/handlers/ElementHandler"
  },
  "obj_viewer":[
  ],
  "finder":[
  ]
 },
 {
  "sid":"FC_Aircraft_architecture:3490#out:1;line",
  "inspector":{
   "params":[
    "SignalNameFromLabel",
    "MustResolveToSignal",
    "ShowPropagatedSignal",
    "DataLogging",
    "TestPoint",
    "SignalObjectPackage",
    "StorageClass",
    "Description",
    "documentLink"
   ],
   "values":[
    "",
    "off",
    "off",
    "off",
    "off",
    "Simulink",
    "Auto",
    "",
    ""
   ],
   "tabs":[
    "Parameter Attributes",
    "Logging and Accessibility",
    "Code Generation",
    "Documentation"
   ],
   "tabs_idx":[
    0,
    3,
    5,
    7
   ]
  },
  "viewer":{
   "jshandler":"webview/handlers/ElementHandler"
  },
  "obj_viewer":[
  ],
  "finder":[
  ]
 },
 {
  "sid":"FC_Aircraft_architecture:3391#rconn:1;line",
  "inspector":{
   "params":[
    "SignalNameFromLabel",
    "MustResolveToSignal",
    "ShowPropagatedSignal",
    "DataLogging",
    "TestPoint",
    "SignalObjectPackage",
    "StorageClass",
    "Description",
    "documentLink"
   ],
   "values":[
    [
    ],
    [
    ],
    [
    ],
    [
    ],
    [
    ],
    [
    ],
    [
    ],
    [
    ],
    [
    ]
   ],
   "tabs":[
    "Parameter Attributes",
    "Logging and Accessibility",
    "Code Generation",
    "Documentation"
   ],
   "tabs_idx":[
    0,
    3,
    5,
    7
   ]
  },
  "viewer":{
   "jshandler":"webview/handlers/ElementHandler"
  },
  "obj_viewer":[
  ],
  "finder":[
  ]
 }
]