[
 {
  "sid":"FC_Aircraft_architecture",
  "inspector":{
   "params":[
    "ModelVersion",
    "LastModifiedDate",
    "LibraryLinkDisplay",
    "ModelBrowserVisibility",
    "Dirty",
    "Description"
   ],
   "values":[
    "2.170",
    "Mon Aug 19 16:48:06 2024",
    "disabled",
    "off",
    "off",
    ""
   ],
   "tabs":[
   ],
   "tabs_idx":[
   ]
  },
  "viewer":{
   "jshandler":"webview/handlers/ElementHandler"
  },
  "obj_viewer":[
  ],
  "finder":[
  ]
 },
 {
  "sid":"FC_Aircraft_architecture:3393",
  "inspector":{
   "params":[
    "Name",
    "<No properties defined in stereotype>",
    "cost",
    "constructionSpace",
    "weight",
    "power",
    "voltage",
    "current",
    "costFactor",
    "ATA_Chapter",
    "Owner",
    "No parameters defined"
   ],
   "values":[
    "Anzeige-/Aufzeichnungssysteme",
    "",
    "0 €",
    "0 m^3",
    "0 kg",
    "0 W",
    "0 V",
    "0 A",
    "1 ",
    "'031 Anzeige-/Aufzeichnungssysteme'",
    "'Breezer'",
    ""
   ],
   "tabs":[
    "Main",
    "Stereotype : Breezer",
    "Stereotype : System",
    "Stereotype : Metadaten",
    "Parameters"
   ],
   "tabs_idx":[
    0,
    1,
    2,
    9,
    11
   ]
  },
  "viewer":{
   "jshandler":"webview/handlers/ElementHandler"
  },
  "obj_viewer":[
  ],
  "finder":{
   "blocktype":"SubSystem",
   "masktype":""
  }
 },
 {
  "sid":"FC_Aircraft_architecture:3388",
  "inspector":{
   "params":[
    "Name",
    "cost",
    "constructionSpace",
    "weight",
    "power",
    "voltage",
    "current",
    "costFactor",
    "ATA_Chapter",
    "Owner",
    "No parameters defined"
   ],
   "values":[
    "Brennstoffzelle",
    "0 €",
    "0 m^3",
    "0 kg",
    "0 W",
    "0 V",
    "0 A",
    "1 ",
    "'085 Brennstoffzelle'",
    "'tbd'",
    ""
   ],
   "tabs":[
    "Main",
    "Stereotype : System",
    "Stereotype : Metadaten",
    "Parameters"
   ],
   "tabs_idx":[
    0,
    1,
    8,
    10
   ]
  },
  "viewer":{
   "jshandler":"webview/handlers/ElementHandler"
  },
  "obj_viewer":[
  ],
  "finder":{
   "blocktype":"SubSystem",
   "masktype":""
  }
 },
 {
  "sid":"FC_Aircraft_architecture:3396",
  "inspector":{
   "params":[
    "Name",
    "<No properties defined in stereotype>",
    "cost",
    "constructionSpace",
    "weight",
    "power",
    "current",
    "voltage",
    "costFactor",
    "ATA_Chapter",
    "Owner",
    "No parameters defined"
   ],
   "values":[
    "Brennstoffzellenstapel",
    "",
    "0 €",
    "0 m^3",
    "0 kg",
    "0 W",
    "0 A",
    "0 V",
    "1 ",
    "'085.10 Brennstoffzelle Stack'",
    "'ZBT'",
    ""
   ],
   "tabs":[
    "Main",
    "Stereotype : ZBT",
    "Stereotype : PhysicalComponent",
    "Stereotype : Metadaten",
    "Parameters"
   ],
   "tabs_idx":[
    0,
    1,
    2,
    9,
    11
   ]
  },
  "viewer":{
   "jshandler":"webview/handlers/ElementHandler"
  },
  "obj_viewer":[
  ],
  "finder":{
   "blocktype":"SubSystem",
   "masktype":""
  }
 },
 {
  "sid":"FC_Aircraft_architecture:3387",
  "inspector":{
   "params":[
    "Name",
    "<No properties defined in stereotype>",
    "cost",
    "constructionSpace",
    "weight",
    "power",
    "voltage",
    "current",
    "costFactor",
    "ATA_Chapter",
    "Owner",
    "No parameters defined"
   ],
   "values":[
    "Wasserstoffentsorgung",
    "",
    "0 €",
    "0 m^3",
    "0 kg",
    "0 W",
    "0 V",
    "0 A",
    "1 ",
    "'085.60 Abgasbehandlung'",
    "'ZAL'",
    ""
   ],
   "tabs":[
    "Main",
    "Stereotype : ZAL",
    "Stereotype : System",
    "Stereotype : Metadaten",
    "Parameters"
   ],
   "tabs_idx":[
    0,
    1,
    2,
    9,
    11
   ]
  },
  "viewer":{
   "jshandler":"webview/handlers/ElementHandler"
  },
  "obj_viewer":[
  ],
  "finder":{
   "blocktype":"SubSystem",
   "masktype":""
  }
 },
 {
  "sid":"FC_Aircraft_architecture:3395",
  "inspector":{
   "params":[
    "Name",
    "<No properties defined in stereotype>",
    "cost",
    "constructionSpace",
    "weight",
    "power",
    "current",
    "voltage",
    "costFactor",
    "ATA_Chapter",
    "Owner",
    "No parameters defined"
   ],
   "values":[
    "Wasserstoffspeicher",
    "",
    "0 €",
    "0 m^3",
    "0 kg",
    "0 W",
    "0 A",
    "0 V",
    "1 ",
    "'085.20 Kraftstofflagerung und Versorgung '",
    "'ZAL'",
    ""
   ],
   "tabs":[
    "Main",
    "Stereotype : ZAL",
    "Stereotype : PhysicalComponent",
    "Stereotype : Metadaten",
    "Parameters"
   ],
   "tabs_idx":[
    0,
    1,
    2,
    9,
    11
   ]
  },
  "viewer":{
   "jshandler":"webview/handlers/ElementHandler"
  },
  "obj_viewer":[
  ],
  "finder":{
   "blocktype":"SubSystem",
   "masktype":""
  }
 },
 {
  "sid":"FC_Aircraft_architecture:3494",
  "inspector":{
   "params":[
    "Name",
    "<No properties defined in stereotype>",
    "cost",
    "constructionSpace",
    "weight",
    "power",
    "voltage",
    "current",
    "costFactor",
    "ATA_Chapter",
    "Owner",
    "No parameters defined"
   ],
   "values":[
    "Flugzeugzelle",
    "",
    "0 €",
    "0 m^3",
    "0 kg",
    "0 W",
    "0 V",
    "0 A",
    "1 ",
    "",
    "",
    ""
   ],
   "tabs":[
    "Main",
    "Stereotype : Breezer",
    "Stereotype : System",
    "Stereotype : Metadaten",
    "Parameters"
   ],
   "tabs_idx":[
    0,
    1,
    2,
    9,
    11
   ]
  },
  "viewer":{
   "jshandler":"webview/handlers/ElementHandler"
  },
  "obj_viewer":[
  ],
  "finder":{
   "blocktype":"SubSystem",
   "masktype":""
  }
 },
 {
  "sid":"FC_Aircraft_architecture:3498",
  "inspector":{
   "params":[
    "Name",
    "<No properties defined in stereotype>",
    "cost",
    "constructionSpace",
    "weight",
    "power",
    "voltage",
    "current",
    "costFactor",
    "ATA_Chapter",
    "Owner",
    "No parameters defined"
   ],
   "values":[
    "Cowling",
    "",
    "0 €",
    "0 m^3",
    "0 kg",
    "0 W",
    "0 V",
    "0 A",
    "1 ",
    "'071.10 Cowling'",
    "'Breezer'",
    ""
   ],
   "tabs":[
    "Main",
    "Stereotype : Breezer",
    "Stereotype : System",
    "Stereotype : Metadaten",
    "Parameters"
   ],
   "tabs_idx":[
    0,
    1,
    2,
    9,
    11
   ]
  },
  "viewer":{
   "jshandler":"webview/handlers/ElementHandler"
  },
  "obj_viewer":[
  ],
  "finder":{
   "blocktype":"SubSystem",
   "masktype":""
  }
 },
 {
  "sid":"FC_Aircraft_architecture:3497",
  "inspector":{
   "params":[
    "Name",
    "<No properties defined in stereotype>",
    "cost",
    "constructionSpace",
    "weight",
    "power",
    "voltage",
    "current",
    "costFactor",
    "ATA_Chapter",
    "Owner",
    "No parameters defined"
   ],
   "values":[
    "Motorträger",
    "",
    "0 €",
    "0 m^3",
    "0 kg",
    "0 W",
    "0 V",
    "0 A",
    "1 ",
    "'071.21 Motorträger'",
    "'Breezer'",
    ""
   ],
   "tabs":[
    "Main",
    "Stereotype : Breezer",
    "Stereotype : System",
    "Stereotype : Metadaten",
    "Parameters"
   ],
   "tabs_idx":[
    0,
    1,
    2,
    9,
    11
   ]
  },
  "viewer":{
   "jshandler":"webview/handlers/ElementHandler"
  },
  "obj_viewer":[
  ],
  "finder":{
   "blocktype":"SubSystem",
   "masktype":""
  }
 },
 {
  "sid":"FC_Aircraft_architecture:3496",
  "inspector":{
   "params":[
    "Name",
    "<No properties defined in stereotype>",
    "cost",
    "constructionSpace",
    "weight",
    "power",
    "voltage",
    "current",
    "costFactor",
    "ATA_Chapter",
    "Owner",
    "No parameters defined"
   ],
   "values":[
    "Rumpf",
    "",
    "0 €",
    "0 m^3",
    "0 kg",
    "0 W",
    "0 V",
    "0 A",
    "1 ",
    "'053 Rumpf'",
    "'Breezer'",
    ""
   ],
   "tabs":[
    "Main",
    "Stereotype : Breezer",
    "Stereotype : System",
    "Stereotype : Metadaten",
    "Parameters"
   ],
   "tabs_idx":[
    0,
    1,
    2,
    9,
    11
   ]
  },
  "viewer":{
   "jshandler":"webview/handlers/ElementHandler"
  },
  "obj_viewer":[
  ],
  "finder":{
   "blocktype":"SubSystem",
   "masktype":""
  }
 },
 {
  "sid":"FC_Aircraft_architecture:3386",
  "inspector":{
   "params":[
    "Name",
    "<No properties defined in stereotype>",
    "cost",
    "constructionSpace",
    "weight",
    "power",
    "voltage",
    "current",
    "costFactor",
    "ATA_Chapter",
    "Owner",
    "No parameters defined"
   ],
   "values":[
    "Luftmanagement",
    "",
    "0 €",
    "0 m^3",
    "0 kg",
    "0 W",
    "0 V",
    "0 A",
    "1 ",
    "'075 Luft'",
    "'RST'",
    ""
   ],
   "tabs":[
    "Main",
    "Stereotype : RST",
    "Stereotype : System",
    "Stereotype : Metadaten",
    "Parameters"
   ],
   "tabs_idx":[
    0,
    1,
    2,
    9,
    11
   ]
  },
  "viewer":{
   "jshandler":"webview/handlers/ElementHandler"
  },
  "obj_viewer":[
  ],
  "finder":{
   "blocktype":"SubSystem",
   "masktype":""
  }
 },
 {
  "sid":"FC_Aircraft_architecture:3392",
  "inspector":{
   "params":[
    "Name",
    "<No properties defined in stereotype>",
    "cost",
    "constructionSpace",
    "weight",
    "power",
    "voltage",
    "current",
    "costFactor",
    "ATA_Chapter",
    "Owner",
    "No parameters defined"
   ],
   "values":[
    "Propeller",
    "",
    "0 €",
    "0 m^3",
    "0 kg",
    "0 W",
    "0 V",
    "0 A",
    "1 ",
    "'061 Propeller'",
    "'Breezer'",
    ""
   ],
   "tabs":[
    "Main",
    "Stereotype : Breezer",
    "Stereotype : System",
    "Stereotype : Metadaten",
    "Parameters"
   ],
   "tabs_idx":[
    0,
    1,
    2,
    9,
    11
   ]
  },
  "viewer":{
   "jshandler":"webview/handlers/ElementHandler"
  },
  "obj_viewer":[
  ],
  "finder":{
   "blocktype":"SubSystem",
   "masktype":""
  }
 },
 {
  "sid":"FC_Aircraft_architecture:3391",
  "inspector":{
   "params":[
    "Name",
    "cost",
    "constructionSpace",
    "weight",
    "power",
    "voltage",
    "current",
    "costFactor",
    "ATA_Chapter",
    "Owner",
    "No parameters defined"
   ],
   "values":[
    "Triebwerksanlage",
    "0 €",
    "0 m^3",
    "0 kg",
    "0 W",
    "0 V",
    "0 A",
    "1 ",
    "'071 Triebwerksanlage '",
    "'tbd'",
    ""
   ],
   "tabs":[
    "Main",
    "Stereotype : System",
    "Stereotype : Metadaten",
    "Parameters"
   ],
   "tabs_idx":[
    0,
    1,
    8,
    10
   ]
  },
  "viewer":{
   "jshandler":"webview/handlers/ElementHandler"
  },
  "obj_viewer":[
  ],
  "finder":{
   "blocktype":"SubSystem",
   "masktype":""
  }
 },
 {
  "sid":"FC_Aircraft_architecture:3419",
  "inspector":{
   "params":[
    "Name",
    "<No properties defined in stereotype>",
    "cost",
    "constructionSpace",
    "weight",
    "power",
    "current",
    "voltage",
    "costFactor",
    "ATA_Chapter",
    "Owner",
    "No parameters defined"
   ],
   "values":[
    "Elektromotor",
    "",
    "0 €",
    "0 m^3",
    "0 kg",
    "0 W",
    "0 A",
    "0 V",
    "1 ",
    "'072 Motor'",
    "'ZAL'",
    ""
   ],
   "tabs":[
    "Main",
    "Stereotype : ZAL",
    "Stereotype : PhysicalComponent",
    "Stereotype : Metadaten",
    "Parameters"
   ],
   "tabs_idx":[
    0,
    1,
    2,
    9,
    11
   ]
  },
  "viewer":{
   "jshandler":"webview/handlers/ElementHandler"
  },
  "obj_viewer":[
  ],
  "finder":{
   "blocktype":"SubSystem",
   "masktype":""
  }
 },
 {
  "sid":"FC_Aircraft_architecture:3418",
  "inspector":{
   "params":[
    "Name",
    "<No properties defined in stereotype>",
    "cost",
    "constructionSpace",
    "weight",
    "power",
    "current",
    "voltage",
    "costFactor",
    "ATA_Chapter",
    "Owner",
    "No parameters defined"
   ],
   "values":[
    "Motor-Control-Unit",
    "",
    "0 €",
    "0 m^3",
    "0 kg",
    "0 W",
    "0 A",
    "0 V",
    "1 ",
    "'076 Motorsteuerung'",
    "'HSU'",
    ""
   ],
   "tabs":[
    "Main",
    "Stereotype : HSU",
    "Stereotype : PhysicalComponent",
    "Stereotype : Metadaten",
    "Parameters"
   ],
   "tabs_idx":[
    0,
    1,
    2,
    9,
    11
   ]
  },
  "viewer":{
   "jshandler":"webview/handlers/ElementHandler"
  },
  "obj_viewer":[
  ],
  "finder":{
   "blocktype":"SubSystem",
   "masktype":""
  }
 },
 {
  "sid":"FC_Aircraft_architecture:3390",
  "inspector":{
   "params":[
    "Name",
    "cost",
    "constructionSpace",
    "weight",
    "power",
    "voltage",
    "current",
    "costFactor",
    "ATA_Chapter",
    "Owner",
    "No parameters defined"
   ],
   "values":[
    "elektrische Stromversorgung",
    "0 €",
    "0 m^3",
    "0 kg",
    "0 W",
    "0 V",
    "0 A",
    "1 ",
    "'024 elektrische Stromversorgung'",
    "'tbd'",
    ""
   ],
   "tabs":[
    "Main",
    "Stereotype : System",
    "Stereotype : Metadaten",
    "Parameters"
   ],
   "tabs_idx":[
    0,
    1,
    8,
    10
   ]
  },
  "viewer":{
   "jshandler":"webview/handlers/ElementHandler"
  },
  "obj_viewer":[
  ],
  "finder":{
   "blocktype":"SubSystem",
   "masktype":""
  }
 },
 {
  "sid":"FC_Aircraft_architecture:3401",
  "inspector":{
   "params":[
    "Name",
    "<No properties defined in stereotype>",
    "cost",
    "constructionSpace",
    "weight",
    "power",
    "current",
    "voltage",
    "costFactor",
    "ATA_Chapter",
    "Owner",
    "No parameters defined"
   ],
   "values":[
    "Batteriespeicher",
    "",
    "0 €",
    "0 m^3",
    "0 kg",
    "0 W",
    "0 A",
    "0 V",
    "1 ",
    "'024.30 Gleichstromerzeugung'",
    "'ZAL'",
    ""
   ],
   "tabs":[
    "Main",
    "Stereotype : ZAL",
    "Stereotype : PhysicalComponent",
    "Stereotype : Metadaten",
    "Parameters"
   ],
   "tabs_idx":[
    0,
    1,
    2,
    9,
    11
   ]
  },
  "viewer":{
   "jshandler":"webview/handlers/ElementHandler"
  },
  "obj_viewer":[
  ],
  "finder":{
   "blocktype":"SubSystem",
   "masktype":""
  }
 },
 {
  "sid":"FC_Aircraft_architecture:3402",
  "inspector":{
   "params":[
    "Name",
    "<No properties defined in stereotype>",
    "cost",
    "constructionSpace",
    "weight",
    "power",
    "current",
    "voltage",
    "costFactor",
    "ATA_Chapter",
    "Owner",
    "No parameters defined"
   ],
   "values":[
    "Motor-String-Power-Controller",
    "",
    "0 €",
    "0 m^3",
    "0 kg",
    "0 W",
    "0 A",
    "0 V",
    "1 ",
    "'024.60 Gleichstrom-Verteilung'",
    "'HSU'",
    ""
   ],
   "tabs":[
    "Main",
    "Stereotype : HSU",
    "Stereotype : PhysicalComponent",
    "Stereotype : Metadaten",
    "Parameters"
   ],
   "tabs_idx":[
    0,
    1,
    2,
    9,
    11
   ]
  },
  "viewer":{
   "jshandler":"webview/handlers/ElementHandler"
  },
  "obj_viewer":[
  ],
  "finder":{
   "blocktype":"SubSystem",
   "masktype":""
  }
 }
]