[
 {
  "sid":"FC_Aircraft_architecture:3388#in:1",
  "inspector":{
   "params":[
    "Name",
    "Name",
    "Action"
   ],
   "values":[
    "Kühl- Reaktionsluft BZ",
    "<inherit>",
    "Input"
   ],
   "tabs":[
    "Main",
    "Interface"
   ],
   "tabs_idx":[
    0,
    1
   ]
  },
  "viewer":{
   "jshandler":"webview/handlers/ElementHandler"
  },
  "obj_viewer":[
  ],
  "finder":[
  ]
 },
 {
  "sid":"FC_Aircraft_architecture:3388#out:1",
  "inspector":{
   "params":[
    "Name",
    "Name",
    "Action"
   ],
   "values":[
    "Gleichspannung  ",
    "<inherit>",
    "Output"
   ],
   "tabs":[
    "Main",
    "Interface"
   ],
   "tabs_idx":[
    0,
    1
   ]
  },
  "viewer":{
   "jshandler":"webview/handlers/ElementHandler"
  },
  "obj_viewer":[
  ],
  "finder":[
  ]
 },
 {
  "sid":"FC_Aircraft_architecture:3388#out:2",
  "inspector":{
   "params":[
    "Name",
    "Name",
    "Action"
   ],
   "values":[
    "Gleichstrom  ",
    "<inherit>",
    "Output"
   ],
   "tabs":[
    "Main",
    "Interface"
   ],
   "tabs_idx":[
    0,
    1
   ]
  },
  "viewer":{
   "jshandler":"webview/handlers/ElementHandler"
  },
  "obj_viewer":[
  ],
  "finder":[
  ]
 },
 {
  "sid":"FC_Aircraft_architecture:3388#out:3",
  "inspector":{
   "params":[
    "Name",
    "Name",
    "Action"
   ],
   "values":[
    "Zustand H2 Speicher",
    "<inherit>",
    "Output"
   ],
   "tabs":[
    "Main",
    "Interface"
   ],
   "tabs_idx":[
    0,
    1
   ]
  },
  "viewer":{
   "jshandler":"webview/handlers/ElementHandler"
  },
  "obj_viewer":[
  ],
  "finder":[
  ]
 },
 {
  "sid":"FC_Aircraft_architecture:3388#out:4",
  "inspector":{
   "params":[
    "Name",
    "Name",
    "Action"
   ],
   "values":[
    "Zustand BZ Stapel",
    "<inherit>",
    "Output"
   ],
   "tabs":[
    "Main",
    "Interface"
   ],
   "tabs_idx":[
    0,
    1
   ]
  },
  "viewer":{
   "jshandler":"webview/handlers/ElementHandler"
  },
  "obj_viewer":[
  ],
  "finder":[
  ]
 },
 {
  "sid":"FC_Aircraft_architecture:3467",
  "inspector":[
  ],
  "viewer":{
   "jshandler":"webview/handlers/ElementHandler"
  },
  "obj_viewer":[
  ],
  "finder":{
   "blocktype":"Inport",
   "masktype":""
  }
 },
 {
  "sid":"FC_Aircraft_architecture:3467#out:1",
  "inspector":{
   "params":[
    "Name",
    "Name",
    "Action"
   ],
   "values":[
    "Kühl- Reaktionsluft BZ",
    "<inherit>",
    "Input"
   ],
   "tabs":[
    "Main",
    "Interface"
   ],
   "tabs_idx":[
    0,
    1
   ]
  },
  "viewer":{
   "jshandler":"webview/handlers/ElementHandler"
  },
  "obj_viewer":[
  ],
  "finder":[
  ]
 },
 {
  "sid":"FC_Aircraft_architecture:3396",
  "inspector":{
   "params":[
    "Name",
    "<No properties defined in stereotype>",
    "cost",
    "constructionSpace",
    "weight",
    "power",
    "current",
    "voltage",
    "costFactor",
    "ATA_Chapter",
    "Owner",
    "No parameters defined"
   ],
   "values":[
    "Brennstoffzellenstapel",
    "",
    "0 €",
    "0 m^3",
    "0 kg",
    "0 W",
    "0 A",
    "0 V",
    "1 ",
    "'085.10 Brennstoffzelle Stack'",
    "'ZBT'",
    ""
   ],
   "tabs":[
    "Main",
    "Stereotype : ZBT",
    "Stereotype : PhysicalComponent",
    "Stereotype : Metadaten",
    "Parameters"
   ],
   "tabs_idx":[
    0,
    1,
    2,
    9,
    11
   ]
  },
  "viewer":{
   "jshandler":"webview/handlers/ElementHandler"
  },
  "obj_viewer":[
  ],
  "finder":{
   "blocktype":"SubSystem",
   "masktype":""
  }
 },
 {
  "sid":"FC_Aircraft_architecture:3396#in:1",
  "inspector":{
   "params":[
    "Name",
    "Name",
    "Action"
   ],
   "values":[
    "Kühl- Reaktionsluft BZ",
    "<inherit>",
    "Input"
   ],
   "tabs":[
    "Main",
    "Interface"
   ],
   "tabs_idx":[
    0,
    1
   ]
  },
  "viewer":{
   "jshandler":"webview/handlers/ElementHandler"
  },
  "obj_viewer":[
  ],
  "finder":[
  ]
 },
 {
  "sid":"FC_Aircraft_architecture:3396#in:2",
  "inspector":{
   "params":[
    "Name",
    "Name",
    "Action"
   ],
   "values":[
    "Massenstrom",
    "<inherit>",
    "Input"
   ],
   "tabs":[
    "Main",
    "Interface"
   ],
   "tabs_idx":[
    0,
    1
   ]
  },
  "viewer":{
   "jshandler":"webview/handlers/ElementHandler"
  },
  "obj_viewer":[
  ],
  "finder":[
  ]
 },
 {
  "sid":"FC_Aircraft_architecture:3396#in:3",
  "inspector":{
   "params":[
    "Name",
    "Name",
    "Action"
   ],
   "values":[
    "Druck",
    "<inherit>",
    "Input"
   ],
   "tabs":[
    "Main",
    "Interface"
   ],
   "tabs_idx":[
    0,
    1
   ]
  },
  "viewer":{
   "jshandler":"webview/handlers/ElementHandler"
  },
  "obj_viewer":[
  ],
  "finder":[
  ]
 },
 {
  "sid":"FC_Aircraft_architecture:3396#out:1",
  "inspector":{
   "params":[
    "Name",
    "Name",
    "Action"
   ],
   "values":[
    "Gleichspannung  ",
    "<inherit>",
    "Output"
   ],
   "tabs":[
    "Main",
    "Interface"
   ],
   "tabs_idx":[
    0,
    1
   ]
  },
  "viewer":{
   "jshandler":"webview/handlers/ElementHandler"
  },
  "obj_viewer":[
  ],
  "finder":[
  ]
 },
 {
  "sid":"FC_Aircraft_architecture:3396#out:2",
  "inspector":{
   "params":[
    "Name",
    "Name",
    "Action"
   ],
   "values":[
    "Gleichstrom  ",
    "<inherit>",
    "Output"
   ],
   "tabs":[
    "Main",
    "Interface"
   ],
   "tabs_idx":[
    0,
    1
   ]
  },
  "viewer":{
   "jshandler":"webview/handlers/ElementHandler"
  },
  "obj_viewer":[
  ],
  "finder":[
  ]
 },
 {
  "sid":"FC_Aircraft_architecture:3396#out:3",
  "inspector":{
   "params":[
    "Name",
    "Name",
    "Action"
   ],
   "values":[
    "Zustand BZ Stapel",
    "<inherit>",
    "Output"
   ],
   "tabs":[
    "Main",
    "Interface"
   ],
   "tabs_idx":[
    0,
    1
   ]
  },
  "viewer":{
   "jshandler":"webview/handlers/ElementHandler"
  },
  "obj_viewer":[
  ],
  "finder":[
  ]
 },
 {
  "sid":"FC_Aircraft_architecture:3396#out:4",
  "inspector":{
   "params":[
    "Name",
    "Name",
    "Action"
   ],
   "values":[
    "Massenstrom BZ Stapel Waste",
    "<inherit>",
    "Output"
   ],
   "tabs":[
    "Main",
    "Interface"
   ],
   "tabs_idx":[
    0,
    1
   ]
  },
  "viewer":{
   "jshandler":"webview/handlers/ElementHandler"
  },
  "obj_viewer":[
  ],
  "finder":[
  ]
 },
 {
  "sid":"FC_Aircraft_architecture:3387",
  "inspector":{
   "params":[
    "Name",
    "<No properties defined in stereotype>",
    "cost",
    "constructionSpace",
    "weight",
    "power",
    "voltage",
    "current",
    "costFactor",
    "ATA_Chapter",
    "Owner",
    "No parameters defined"
   ],
   "values":[
    "Wasserstoffentsorgung",
    "",
    "0 €",
    "0 m^3",
    "0 kg",
    "0 W",
    "0 V",
    "0 A",
    "1 ",
    "'085.60 Abgasbehandlung'",
    "'ZAL'",
    ""
   ],
   "tabs":[
    "Main",
    "Stereotype : ZAL",
    "Stereotype : System",
    "Stereotype : Metadaten",
    "Parameters"
   ],
   "tabs_idx":[
    0,
    1,
    2,
    9,
    11
   ]
  },
  "viewer":{
   "jshandler":"webview/handlers/ElementHandler"
  },
  "obj_viewer":[
  ],
  "finder":{
   "blocktype":"SubSystem",
   "masktype":""
  }
 },
 {
  "sid":"FC_Aircraft_architecture:3387#in:1",
  "inspector":{
   "params":[
    "Name",
    "Name",
    "Action"
   ],
   "values":[
    "Massenstrom H2 Speicher Waste",
    "<inherit>",
    "Input"
   ],
   "tabs":[
    "Main",
    "Interface"
   ],
   "tabs_idx":[
    0,
    1
   ]
  },
  "viewer":{
   "jshandler":"webview/handlers/ElementHandler"
  },
  "obj_viewer":[
  ],
  "finder":[
  ]
 },
 {
  "sid":"FC_Aircraft_architecture:3387#in:2",
  "inspector":{
   "params":[
    "Name",
    "Name",
    "Action"
   ],
   "values":[
    "Massenstrom BZ Stapel Waste",
    "<inherit>",
    "Input"
   ],
   "tabs":[
    "Main",
    "Interface"
   ],
   "tabs_idx":[
    0,
    1
   ]
  },
  "viewer":{
   "jshandler":"webview/handlers/ElementHandler"
  },
  "obj_viewer":[
  ],
  "finder":[
  ]
 },
 {
  "sid":"FC_Aircraft_architecture:3395",
  "inspector":{
   "params":[
    "Name",
    "<No properties defined in stereotype>",
    "cost",
    "constructionSpace",
    "weight",
    "power",
    "current",
    "voltage",
    "costFactor",
    "ATA_Chapter",
    "Owner",
    "No parameters defined"
   ],
   "values":[
    "Wasserstoffspeicher",
    "",
    "0 €",
    "0 m^3",
    "0 kg",
    "0 W",
    "0 A",
    "0 V",
    "1 ",
    "'085.20 Kraftstofflagerung und Versorgung '",
    "'ZAL'",
    ""
   ],
   "tabs":[
    "Main",
    "Stereotype : ZAL",
    "Stereotype : PhysicalComponent",
    "Stereotype : Metadaten",
    "Parameters"
   ],
   "tabs_idx":[
    0,
    1,
    2,
    9,
    11
   ]
  },
  "viewer":{
   "jshandler":"webview/handlers/ElementHandler"
  },
  "obj_viewer":[
  ],
  "finder":{
   "blocktype":"SubSystem",
   "masktype":""
  }
 },
 {
  "sid":"FC_Aircraft_architecture:3395#out:1",
  "inspector":{
   "params":[
    "Name",
    "Name",
    "Action"
   ],
   "values":[
    "Zustand H2 Speicher",
    "<inherit>",
    "Output"
   ],
   "tabs":[
    "Main",
    "Interface"
   ],
   "tabs_idx":[
    0,
    1
   ]
  },
  "viewer":{
   "jshandler":"webview/handlers/ElementHandler"
  },
  "obj_viewer":[
  ],
  "finder":[
  ]
 },
 {
  "sid":"FC_Aircraft_architecture:3395#out:2",
  "inspector":{
   "params":[
    "Name",
    "Name",
    "Action"
   ],
   "values":[
    "Massenstrom H2 Speicher Waste",
    "<inherit>",
    "Output"
   ],
   "tabs":[
    "Main",
    "Interface"
   ],
   "tabs_idx":[
    0,
    1
   ]
  },
  "viewer":{
   "jshandler":"webview/handlers/ElementHandler"
  },
  "obj_viewer":[
  ],
  "finder":[
  ]
 },
 {
  "sid":"FC_Aircraft_architecture:3395#out:3",
  "inspector":{
   "params":[
    "Name",
    "Name",
    "Action"
   ],
   "values":[
    "Massenstrom",
    "<inherit>",
    "Output"
   ],
   "tabs":[
    "Main",
    "Interface"
   ],
   "tabs_idx":[
    0,
    1
   ]
  },
  "viewer":{
   "jshandler":"webview/handlers/ElementHandler"
  },
  "obj_viewer":[
  ],
  "finder":[
  ]
 },
 {
  "sid":"FC_Aircraft_architecture:3395#out:4",
  "inspector":{
   "params":[
    "Name",
    "Name",
    "Action"
   ],
   "values":[
    "Druck",
    "<inherit>",
    "Output"
   ],
   "tabs":[
    "Main",
    "Interface"
   ],
   "tabs_idx":[
    0,
    1
   ]
  },
  "viewer":{
   "jshandler":"webview/handlers/ElementHandler"
  },
  "obj_viewer":[
  ],
  "finder":[
  ]
 },
 {
  "sid":"FC_Aircraft_architecture:3469",
  "inspector":[
  ],
  "viewer":{
   "jshandler":"webview/handlers/ElementHandler"
  },
  "obj_viewer":[
  ],
  "finder":{
   "blocktype":"Outport",
   "masktype":""
  }
 },
 {
  "sid":"FC_Aircraft_architecture:3469#in:1",
  "inspector":{
   "params":[
    "Name",
    "Name",
    "Action"
   ],
   "values":[
    "Gleichspannung  ",
    "<inherit>",
    "Output"
   ],
   "tabs":[
    "Main",
    "Interface"
   ],
   "tabs_idx":[
    0,
    1
   ]
  },
  "viewer":{
   "jshandler":"webview/handlers/ElementHandler"
  },
  "obj_viewer":[
  ],
  "finder":[
  ]
 },
 {
  "sid":"FC_Aircraft_architecture:3470",
  "inspector":[
  ],
  "viewer":{
   "jshandler":"webview/handlers/ElementHandler"
  },
  "obj_viewer":[
  ],
  "finder":{
   "blocktype":"Outport",
   "masktype":""
  }
 },
 {
  "sid":"FC_Aircraft_architecture:3470#in:1",
  "inspector":{
   "params":[
    "Name",
    "Name",
    "Action"
   ],
   "values":[
    "Gleichstrom  ",
    "<inherit>",
    "Output"
   ],
   "tabs":[
    "Main",
    "Interface"
   ],
   "tabs_idx":[
    0,
    1
   ]
  },
  "viewer":{
   "jshandler":"webview/handlers/ElementHandler"
  },
  "obj_viewer":[
  ],
  "finder":[
  ]
 },
 {
  "sid":"FC_Aircraft_architecture:3461",
  "inspector":[
  ],
  "viewer":{
   "jshandler":"webview/handlers/ElementHandler"
  },
  "obj_viewer":[
  ],
  "finder":{
   "blocktype":"Outport",
   "masktype":""
  }
 },
 {
  "sid":"FC_Aircraft_architecture:3461#in:1",
  "inspector":{
   "params":[
    "Name",
    "Name",
    "Action"
   ],
   "values":[
    "Zustand H2 Speicher",
    "<inherit>",
    "Output"
   ],
   "tabs":[
    "Main",
    "Interface"
   ],
   "tabs_idx":[
    0,
    1
   ]
  },
  "viewer":{
   "jshandler":"webview/handlers/ElementHandler"
  },
  "obj_viewer":[
  ],
  "finder":[
  ]
 },
 {
  "sid":"FC_Aircraft_architecture:3463",
  "inspector":[
  ],
  "viewer":{
   "jshandler":"webview/handlers/ElementHandler"
  },
  "obj_viewer":[
  ],
  "finder":{
   "blocktype":"Outport",
   "masktype":""
  }
 },
 {
  "sid":"FC_Aircraft_architecture:3463#in:1",
  "inspector":{
   "params":[
    "Name",
    "Name",
    "Action"
   ],
   "values":[
    "Zustand BZ Stapel",
    "<inherit>",
    "Output"
   ],
   "tabs":[
    "Main",
    "Interface"
   ],
   "tabs_idx":[
    0,
    1
   ]
  },
  "viewer":{
   "jshandler":"webview/handlers/ElementHandler"
  },
  "obj_viewer":[
  ],
  "finder":[
  ]
 },
 {
  "sid":"FC_Aircraft_architecture:3388#seg:390-271-335-139",
  "inspector":{
   "params":[
    "Source",
    "Destination",
    "Name"
   ],
   "values":[
    "Massenstrom BZ Stapel Waste",
    "Massenstrom BZ Stapel Waste",
    "Conn"
   ],
   "tabs":[
    "Port selection",
    "Connector",
    "Stereotype : fluidic"
   ],
   "tabs_idx":[
    0,
    2,
    3
   ]
  },
  "viewer":{
   "jshandler":"webview/handlers/ElementHandler"
  },
  "obj_viewer":[
  ],
  "finder":[
  ]
 },
 {
  "sid":"FC_Aircraft_architecture:3388#seg:195-271-285-139",
  "inspector":{
   "params":[
    "Source",
    "Destination",
    "Name"
   ],
   "values":[
    "Massenstrom H2 Speicher Waste",
    "Massenstrom H2 Speicher Waste",
    "Conn"
   ],
   "tabs":[
    "Port selection",
    "Connector",
    "Stereotype : fluidic"
   ],
   "tabs_idx":[
    0,
    2,
    3
   ]
  },
  "viewer":{
   "jshandler":"webview/handlers/ElementHandler"
  },
  "obj_viewer":[
  ],
  "finder":[
  ]
 },
 {
  "sid":"FC_Aircraft_architecture:3388#seg:507-335-500-335",
  "inspector":{
   "params":[
    "Source",
    "Destination",
    "Name"
   ],
   "values":[
    "Gleichspannung  ",
    "Gleichspannung  ",
    "Conn"
   ],
   "tabs":[
    "Port selection",
    "Connector",
    "Stereotype : electrical"
   ],
   "tabs_idx":[
    0,
    2,
    3
   ]
  },
  "viewer":{
   "jshandler":"webview/handlers/ElementHandler"
  },
  "obj_viewer":[
  ],
  "finder":[
  ]
 },
 {
  "sid":"FC_Aircraft_architecture:3388#seg:507-360-500-360",
  "inspector":{
   "params":[
    "Source",
    "Destination",
    "Name"
   ],
   "values":[
    "Gleichstrom  ",
    "Gleichstrom  ",
    "Conn"
   ],
   "tabs":[
    "Port selection",
    "Connector",
    "Stereotype : electrical"
   ],
   "tabs_idx":[
    0,
    2,
    3
   ]
  },
  "viewer":{
   "jshandler":"webview/handlers/ElementHandler"
  },
  "obj_viewer":[
  ],
  "finder":[
  ]
 },
 {
  "sid":"FC_Aircraft_architecture:3388#seg:450-260-450-271",
  "inspector":{
   "params":[
    "Source",
    "Destination",
    "Name"
   ],
   "values":[
    "Kühl- Reaktionsluft BZ",
    "Kühl- Reaktionsluft BZ",
    "Conn"
   ],
   "tabs":[
    "Port selection",
    "Connector",
    "Stereotype : fluidic"
   ],
   "tabs_idx":[
    0,
    2,
    3
   ]
  },
  "viewer":{
   "jshandler":"webview/handlers/ElementHandler"
  },
  "obj_viewer":[
  ],
  "finder":[
  ]
 },
 {
  "sid":"FC_Aircraft_architecture:3388#seg:420-400-420-420",
  "inspector":{
   "params":[
    "Source",
    "Destination",
    "Name"
   ],
   "values":[
    "Zustand BZ Stapel",
    "Zustand BZ Stapel",
    "Conn"
   ],
   "tabs":[
    "Port selection",
    "Connector",
    "Stereotype : Signal"
   ],
   "tabs_idx":[
    0,
    2,
    3
   ]
  },
  "viewer":{
   "jshandler":"webview/handlers/ElementHandler"
  },
  "obj_viewer":[
  ],
  "finder":[
  ]
 },
 {
  "sid":"FC_Aircraft_architecture:3388#seg:195-400-195-420",
  "inspector":{
   "params":[
    "Source",
    "Destination",
    "Name"
   ],
   "values":[
    "Zustand H2 Speicher",
    "Zustand H2 Speicher",
    "Conn"
   ],
   "tabs":[
    "Port selection",
    "Connector",
    "Stereotype : Signal"
   ],
   "tabs_idx":[
    0,
    2,
    3
   ]
  },
  "viewer":{
   "jshandler":"webview/handlers/ElementHandler"
  },
  "obj_viewer":[
  ],
  "finder":[
  ]
 },
 {
  "sid":"FC_Aircraft_architecture:3388#seg:282-335-331-335",
  "inspector":{
   "params":[
    "Source",
    "Destination",
    "Name"
   ],
   "values":[
    "Massenstrom",
    "Massenstrom",
    "Conn"
   ],
   "tabs":[
    "Port selection",
    "Connector",
    "Stereotype : fluidic"
   ],
   "tabs_idx":[
    0,
    2,
    3
   ]
  },
  "viewer":{
   "jshandler":"webview/handlers/ElementHandler"
  },
  "obj_viewer":[
  ],
  "finder":[
  ]
 },
 {
  "sid":"FC_Aircraft_architecture:3388#seg:282-360-331-360",
  "inspector":{
   "params":[
    "Source",
    "Destination",
    "Name"
   ],
   "values":[
    "Druck",
    "Druck",
    "Conn"
   ],
   "tabs":[
    "Port selection",
    "Connector",
    "Stereotype : fluidic"
   ],
   "tabs_idx":[
    0,
    2,
    3
   ]
  },
  "viewer":{
   "jshandler":"webview/handlers/ElementHandler"
  },
  "obj_viewer":[
  ],
  "finder":[
  ]
 },
 {
  "sid":"FC_Aircraft_architecture:3395#out:4;line",
  "inspector":{
   "params":[
    "SignalNameFromLabel",
    "MustResolveToSignal",
    "ShowPropagatedSignal",
    "DataLogging",
    "TestPoint",
    "SignalObjectPackage",
    "StorageClass",
    "Description",
    "documentLink"
   ],
   "values":[
    "",
    "off",
    "off",
    "off",
    "off",
    "Simulink",
    "Auto",
    "",
    ""
   ],
   "tabs":[
    "Parameter Attributes",
    "Logging and Accessibility",
    "Code Generation",
    "Documentation"
   ],
   "tabs_idx":[
    0,
    3,
    5,
    7
   ]
  },
  "viewer":{
   "jshandler":"webview/handlers/ElementHandler"
  },
  "obj_viewer":[
  ],
  "finder":[
  ]
 },
 {
  "sid":"FC_Aircraft_architecture:3395#out:3;line",
  "inspector":{
   "params":[
    "SignalNameFromLabel",
    "MustResolveToSignal",
    "ShowPropagatedSignal",
    "DataLogging",
    "TestPoint",
    "SignalObjectPackage",
    "StorageClass",
    "Description",
    "documentLink"
   ],
   "values":[
    "",
    "off",
    "off",
    "off",
    "off",
    "Simulink",
    "Auto",
    "",
    ""
   ],
   "tabs":[
    "Parameter Attributes",
    "Logging and Accessibility",
    "Code Generation",
    "Documentation"
   ],
   "tabs_idx":[
    0,
    3,
    5,
    7
   ]
  },
  "viewer":{
   "jshandler":"webview/handlers/ElementHandler"
  },
  "obj_viewer":[
  ],
  "finder":[
  ]
 },
 {
  "sid":"FC_Aircraft_architecture:3395#out:1;line",
  "inspector":{
   "params":[
    "SignalNameFromLabel",
    "MustResolveToSignal",
    "ShowPropagatedSignal",
    "DataLogging",
    "TestPoint",
    "SignalObjectPackage",
    "StorageClass",
    "Description",
    "documentLink"
   ],
   "values":[
    "",
    "off",
    "off",
    "off",
    "off",
    "Simulink",
    "Auto",
    "",
    ""
   ],
   "tabs":[
    "Parameter Attributes",
    "Logging and Accessibility",
    "Code Generation",
    "Documentation"
   ],
   "tabs_idx":[
    0,
    3,
    5,
    7
   ]
  },
  "viewer":{
   "jshandler":"webview/handlers/ElementHandler"
  },
  "obj_viewer":[
  ],
  "finder":[
  ]
 },
 {
  "sid":"FC_Aircraft_architecture:3396#out:3;line",
  "inspector":{
   "params":[
    "SignalNameFromLabel",
    "MustResolveToSignal",
    "ShowPropagatedSignal",
    "DataLogging",
    "TestPoint",
    "SignalObjectPackage",
    "StorageClass",
    "Description",
    "documentLink"
   ],
   "values":[
    "",
    "off",
    "off",
    "off",
    "off",
    "Simulink",
    "Auto",
    "",
    ""
   ],
   "tabs":[
    "Parameter Attributes",
    "Logging and Accessibility",
    "Code Generation",
    "Documentation"
   ],
   "tabs_idx":[
    0,
    3,
    5,
    7
   ]
  },
  "viewer":{
   "jshandler":"webview/handlers/ElementHandler"
  },
  "obj_viewer":[
  ],
  "finder":[
  ]
 },
 {
  "sid":"FC_Aircraft_architecture:3467#out:1;line",
  "inspector":{
   "params":[
    "SignalNameFromLabel",
    "MustResolveToSignal",
    "ShowPropagatedSignal",
    "DataLogging",
    "TestPoint",
    "SignalObjectPackage",
    "StorageClass",
    "Description",
    "documentLink"
   ],
   "values":[
    "",
    "off",
    "off",
    "off",
    "off",
    "Simulink",
    "Auto",
    "",
    ""
   ],
   "tabs":[
    "Parameter Attributes",
    "Logging and Accessibility",
    "Code Generation",
    "Documentation"
   ],
   "tabs_idx":[
    0,
    3,
    5,
    7
   ]
  },
  "viewer":{
   "jshandler":"webview/handlers/ElementHandler"
  },
  "obj_viewer":[
  ],
  "finder":[
  ]
 },
 {
  "sid":"FC_Aircraft_architecture:3396#out:2;line",
  "inspector":{
   "params":[
    "SignalNameFromLabel",
    "MustResolveToSignal",
    "ShowPropagatedSignal",
    "DataLogging",
    "TestPoint",
    "SignalObjectPackage",
    "StorageClass",
    "Description",
    "documentLink"
   ],
   "values":[
    "",
    "off",
    "off",
    "off",
    "off",
    "Simulink",
    "Auto",
    "",
    ""
   ],
   "tabs":[
    "Parameter Attributes",
    "Logging and Accessibility",
    "Code Generation",
    "Documentation"
   ],
   "tabs_idx":[
    0,
    3,
    5,
    7
   ]
  },
  "viewer":{
   "jshandler":"webview/handlers/ElementHandler"
  },
  "obj_viewer":[
  ],
  "finder":[
  ]
 },
 {
  "sid":"FC_Aircraft_architecture:3396#out:1;line",
  "inspector":{
   "params":[
    "SignalNameFromLabel",
    "MustResolveToSignal",
    "ShowPropagatedSignal",
    "DataLogging",
    "TestPoint",
    "SignalObjectPackage",
    "StorageClass",
    "Description",
    "documentLink"
   ],
   "values":[
    "",
    "off",
    "off",
    "off",
    "off",
    "Simulink",
    "Auto",
    "",
    ""
   ],
   "tabs":[
    "Parameter Attributes",
    "Logging and Accessibility",
    "Code Generation",
    "Documentation"
   ],
   "tabs_idx":[
    0,
    3,
    5,
    7
   ]
  },
  "viewer":{
   "jshandler":"webview/handlers/ElementHandler"
  },
  "obj_viewer":[
  ],
  "finder":[
  ]
 },
 {
  "sid":"FC_Aircraft_architecture:3395#out:2;line",
  "inspector":{
   "params":[
    "SignalNameFromLabel",
    "MustResolveToSignal",
    "ShowPropagatedSignal",
    "DataLogging",
    "TestPoint",
    "SignalObjectPackage",
    "StorageClass",
    "Description",
    "documentLink"
   ],
   "values":[
    "",
    "off",
    "off",
    "off",
    "off",
    "Simulink",
    "Auto",
    "",
    ""
   ],
   "tabs":[
    "Parameter Attributes",
    "Logging and Accessibility",
    "Code Generation",
    "Documentation"
   ],
   "tabs_idx":[
    0,
    3,
    5,
    7
   ]
  },
  "viewer":{
   "jshandler":"webview/handlers/ElementHandler"
  },
  "obj_viewer":[
  ],
  "finder":[
  ]
 },
 {
  "sid":"FC_Aircraft_architecture:3396#out:4;line",
  "inspector":{
   "params":[
    "SignalNameFromLabel",
    "MustResolveToSignal",
    "ShowPropagatedSignal",
    "DataLogging",
    "TestPoint",
    "SignalObjectPackage",
    "StorageClass",
    "Description",
    "documentLink"
   ],
   "values":[
    "",
    "off",
    "off",
    "off",
    "off",
    "Simulink",
    "Auto",
    "",
    ""
   ],
   "tabs":[
    "Parameter Attributes",
    "Logging and Accessibility",
    "Code Generation",
    "Documentation"
   ],
   "tabs_idx":[
    0,
    3,
    5,
    7
   ]
  },
  "viewer":{
   "jshandler":"webview/handlers/ElementHandler"
  },
  "obj_viewer":[
  ],
  "finder":[
  ]
 }
]