{
 "version":3,
 "baseUrl":"support/slwebview_files",
 "homeHid":1,
 "sections":[
  {
   "hid":1,
   "sid":"FC_Aircraft_architecture",
   "name":"FC_Aircraft_architecture",
   "fullname":"FC_Aircraft_architecture",
   "label":"FC_Aircraft_architecture",
   "parent":0,
   "descendantIDs":[
    2,
    3,
    4,
    5,
    6,
    7,
    8,
    9,
    10,
    11,
    12,
    13,
    14,
    15,
    16,
    17,
    18
   ],
   "descendantsURL":"support/slwebview_files/FC_Aircraft_architecture_diagrams_1.json",
   "sysViewURL":"support/slwebview_files/FC_Aircraft_architecture_p.json"
  }
 ],
 "optViews":[
 ],
 "display":{
  "informer":false,
  "notes":false
 },
 "iconsUrl":"support/slwebview_files/icon.css"
}